train_week,predict_day,ideally_sched,missed,wrongly_sched,total_num,%_wrongly_sched,%_ideally_sched,%_missed_opp.,t_wrong_sched_%,r2s,mse,mae,model_mae,model_mse,provision_time,y_pred
2022-03-01,2022-03-08,691,0,641,1352,47.4112426035503,51.109467455621306,0.0,48.12312312312312,0.30708811350728527,173.9459536097965,141.26129742345867,141.2613067626953,30257.201171875,20,"[[513.61566]
 [219.66078]
 [496.75137]
 ...
 [186.19865]
 [233.98592]
 [181.2085 ]]"
2022-03-02,2022-03-09,953,26,445,3437,12.947337794588304,27.727669479196976,2.728226652675761,32.434402332361515,-0.00855909607439509,174.04506490882576,72.47252810504293,72.49211883544922,30291.95703125,20,"[[111.316124]
 [ 86.686356]
 [ 92.22536 ]
 ...
 [127.683395]
 [455.20892 ]
 [ 67.57413 ]]"
2022-03-03,2022-03-10,905,894,1,3152,0.031725888324873094,28.71192893401015,98.78453038674033,8.333333333333332,-0.3556929878205275,136.06092453427323,70.35186114237847,261.7105712890625,140228.296875,20,"[[426.083  ]
 [140.99043]
 [483.5751 ]
 ...
 [  0.     ]
 [  0.     ]
 [  0.     ]]"
2022-03-04,2022-03-11,899,381,175,2954,5.924170616113744,30.43331076506432,42.380422691879865,25.252525252525253,0.28185304405634537,205.99688330865538,71.7584458930959,71.75846099853516,42434.71484375,20,"[[60.663548]
 [61.136784]
 [68.24319 ]
 ...
 [92.886986]
 [93.20985 ]
 [90.92441 ]]"
2022-03-05,2022-03-12,461,31,212,1043,20.325982742090122,44.19942473633749,6.724511930585683,33.021806853582554,0.5821194213477778,123.98029736542546,88.89218128310411,88.89216613769531,15371.115234375,20,"[[102.48797 ]
 [103.07888 ]
 [383.33554 ]
 ...
 [331.75308 ]
 [ 43.647263]
 [ 43.007904]]"
2022-03-06,2022-03-13,401,117,93,678,13.716814159292035,59.14454277286135,29.177057356608476,24.6684350132626,-0.13993203798802778,238.59867301595696,185.17803763182818,185.17803955078125,56929.328125,20,"[[287.39175  ]
 [  7.7280464]
 [353.491    ]
 [353.73257  ]
 [353.74542  ]
 [354.03384  ]
 [386.12292  ]
 [354.91446  ]
 [354.33493  ]
 [354.6      ]
 [354.86496  ]
 [355.09473  ]
 [ 15.955958 ]
 [355.73553  ]
 [ 15.401798 ]
 [388.57404  ]
 [395.47208  ]
 [396.12497  ]
 [ 11.711559 ]
 [ 19.097883 ]
 [124.60537  ]
 [124.55541  ]
 [124.43457  ]
 [124.53819  ]
 [124.64187  ]
 [124.71001  ]
 [124.82546  ]
 [124.90554  ]
 [124.15833  ]
 [123.54502  ]
 [123.49353  ]
 [123.54309  ]
 [123.08816  ]
 [122.92329  ]
 [265.66034  ]
 [265.30722  ]
 [123.18073  ]
 [123.2555   ]
 [266.06186  ]
 [123.79977  ]
 [123.89969  ]
 [123.97445  ]
 [266.8508   ]
 [124.51879  ]
 [267.1802   ]
 [267.09225  ]
 [124.10881  ]
 [267.05228  ]
 [266.9607   ]
 [ 51.91602  ]
 [381.0518   ]
 [313.58438  ]
 [ 44.5145   ]
 [346.03906  ]
 [344.7112   ]
 [537.0941   ]
 [ 62.109554 ]
 [ 18.104197 ]
 [394.1418   ]
 [472.3506   ]
 [472.79572  ]
 [473.2012   ]
 [473.6944   ]
 [474.0834   ]
 [251.86641  ]
 [ 13.431235 ]
 [ 13.467626 ]
 [ 13.50725  ]
 [ 13.549384 ]
 [ 13.592428 ]
 [ 13.635008 ]
 [  8.170492 ]
 [129.8705   ]
 [357.07343  ]
 [352.4597   ]
 [353.10425  ]
 [121.594124 ]
 [ 10.195535 ]
 [ 10.214467 ]
 [ 63.680843 ]
 [ 63.904854 ]
 [ 60.554607 ]
 [ 60.801456 ]
 [ 61.008877 ]
 [  9.070477 ]
 [  9.0924635]
 [  9.112889 ]
 [  9.132535 ]
 [  9.153897 ]
 [  9.17652  ]
 [  9.196401 ]
 [  9.217418 ]
 [  9.238418 ]
 [  9.259116 ]
 [  9.281009 ]
 [  9.302014 ]
 [  9.32364  ]
 [  9.344806 ]
 [  9.366124 ]
 [  9.387442 ]
 [  9.407722 ]
 [  9.428294 ]
 [  9.449169 ]
 [  9.470407 ]
 [  9.446738 ]
 [  9.467163 ]
 [  9.487544 ]
 [  9.5126505]
 [  9.53296  ]
 [  9.553561 ]
 [  9.575469 ]
 [  9.576315 ]
 [  9.596916 ]
 [  9.618381 ]
 [  9.646797 ]
 [  9.669271 ]
 [  9.690001 ]
 [  9.713484 ]
 [  9.738419 ]
 [  9.75944  ]
 [  8.594127 ]
 [  9.799451 ]
 [  9.820766 ]
 [  9.84135  ]
 [  9.862517 ]
 [  6.1531334]
 [  6.168373 ]
 [  6.1812267]
 [  5.772716 ]
 [  5.7811275]
 [  5.790297 ]
 [215.8402   ]
 [165.76259  ]
 [166.30626  ]
 [166.84468  ]
 [167.38573  ]
 [167.91281  ]
 [168.42696  ]
 [168.94319  ]
 [169.45941  ]
 [169.97356  ]
 [170.48978  ]
 [171.00606  ]
 [171.51985  ]
 [172.03554  ]
 [172.55125  ]
 [173.06703  ]
 [173.58342  ]
 [174.10265  ]
 [174.62183  ]
 [175.13914  ]
 [175.65839  ]
 [176.17766  ]
 [176.69688  ]
 [228.87312  ]
 [229.95601  ]
 [ 65.786545 ]
 [223.25618  ]
 [222.8424   ]
 [ 12.144681 ]
 [ 12.19522  ]
 [ 12.246361 ]
 [ 12.296899 ]
 [223.06255  ]
 [222.90155  ]
 [ 10.951272 ]
 [ 14.398376 ]
 [126.6083   ]
 [468.09747  ]
 [ 86.934296 ]
 [439.94217  ]
 [442.20435  ]
 [274.91092  ]
 [290.69077  ]
 [109.42776  ]
 [109.79969  ]
 [247.06813  ]
 [254.67763  ]
 [255.35834  ]
 [266.21555  ]
 [249.7068   ]
 [447.1034   ]
 [ 72.41222  ]
 [ 72.71558  ]
 [448.104    ]
 [ 73.475945 ]
 [433.7573   ]
 [216.4599   ]
 [ 17.015558 ]
 [242.3248   ]
 [ 10.981273 ]
 [166.24982  ]
 [165.06067  ]
 [144.47752  ]
 [122.912285 ]
 [121.394455 ]
 [421.37973  ]
 [  6.0804777]
 [ 11.62057  ]
 [ 11.659788 ]
 [  9.769403 ]
 [463.58173  ]
 [464.14627  ]
 [464.57025  ]
 [464.9539   ]
 [465.33752  ]
 [ 11.933082 ]
 [ 11.969033 ]
 [ 12.005607 ]
 [450.4247   ]
 [450.56613  ]
 [451.0514   ]
 [532.0352   ]
 [471.12308  ]
 [604.29724  ]
 [ 21.469849 ]
 [ 11.854033 ]
 [ 23.221498 ]
 [ 12.950462 ]
 [551.6147   ]
 [ 12.278568 ]
 [535.7327   ]
 [ 11.51702  ]
 [507.5909   ]
 [508.06476  ]
 [508.5405   ]
 [509.0217   ]
 [ 17.514523 ]
 [ 14.003447 ]
 [120.636734 ]
 [488.16214  ]
 [ 11.659638 ]
 [107.286064 ]
 [ 10.015196 ]
 [ 10.029152 ]
 [ 10.043258 ]
 [ 10.057368 ]
 [ 10.071324 ]
 [438.4534   ]
 [  9.32886  ]
 [  9.343717 ]
 [  9.35857  ]
 [  9.373424 ]
 [  9.388518 ]
 [  9.403653 ]
 [  9.418792 ]
 [  9.433976 ]
 [  9.449172 ]
 [  9.46436  ]
 [  9.479554 ]
 [  9.494746 ]
 [  9.51001  ]
 [  9.525338 ]
 [  9.540668 ]
 [474.13565  ]
 [272.40323  ]
 [  5.500012 ]
 [  6.3228445]
 [  6.339169 ]
 [  6.3554764]
 [134.42305  ]
 [134.92622  ]
 [135.42828  ]
 [135.92824  ]
 [136.42596  ]
 [136.90395  ]
 [137.40504  ]
 [137.90822  ]
 [138.41252  ]
 [138.91353  ]
 [337.84933  ]
 [338.3158   ]
 [  4.3467984]
 [  4.3495455]
 [  4.3520527]
 [  4.354561 ]
 [  4.357308 ]
 [  4.3598156]
 [  4.3623223]
 [  4.365258 ]
 [  4.3680425]
 [  4.3710685]
 [  4.3738523]
 [  4.3766365]
 [  4.3796616]
 [  4.382445 ]
 [  4.385228 ]
 [  4.388253 ]
 [  4.391037 ]
 [  4.394063 ]
 [  4.397089 ]
 [  4.4003625]
 [  4.40389  ]
 [  4.4071636]
 [  4.4104366]
 [  4.4139647]
 [  4.417238 ]
 [  4.4205117]
 [  4.4240394]
 [  4.4273133]
 [  4.430842 ]
 [  4.434116 ]
 [  4.4373927]
 [  4.4409246]
 [  4.444201 ]
 [  4.4477324]
 [  4.4510093]
 [  4.4542856]
 [  4.457819 ]
 [  4.461095 ]
 [  4.464371 ]
 [  4.467901 ]
 [242.94856  ]
 [243.27715  ]
 [243.59924  ]
 [243.92784  ]
 [244.25005  ]
 [244.57849  ]
 [244.86287  ]
 [245.1914   ]
 [245.48203  ]
 [415.8693   ]
 [245.8105   ]
 [332.73935  ]
 [333.0936   ]
 [333.46     ]
 [305.8732   ]
 [306.22162  ]
 [306.5764   ]
 [306.94992  ]
 [307.29834  ]
 [307.64676  ]
 [307.98886  ]
 [308.3373   ]
 [308.6795   ]
 [309.03104  ]
 [309.38214  ]
 [309.72064  ]
 [310.0591   ]
 [310.41025  ]
 [310.75504  ]
 [311.09354  ]
 [311.45724  ]
 [311.80203  ]
 [312.14688  ]
 [312.49167  ]
 [312.83017  ]
 [313.131    ]
 [313.39627  ]
 [313.66162  ]
 [313.9269   ]
 [314.19516  ]
 [314.46054  ]
 [360.75806  ]
 [287.46002  ]
 [ 96.81539  ]
 [ 97.189644 ]
 [382.45645  ]
 [288.23364  ]
 [230.50694  ]
 [227.72571  ]
 [  5.982504 ]
 [  6.2004213]
 [293.01373  ]
 [  8.143224 ]
 [  8.165591 ]
 [  8.941662 ]
 [  8.21114  ]
 [  8.234069 ]
 [  8.256719 ]
 [  8.279648 ]
 [  8.302294 ]
 [  8.325222 ]
 [  8.347871 ]
 [  8.370801 ]
 [  8.393446 ]
 [  8.416375 ]
 [  8.43902  ]
 [  8.461667 ]
 [  8.484907 ]
 [  8.508883 ]
 [  8.532678 ]
 [  8.555747 ]
 [  8.5795   ]
 [  8.603429 ]
 [  8.627176 ]
 [  8.651104 ]
 [  8.675033 ]
 [  8.698783 ]
 [  8.723383 ]
 [  8.748513 ]
 [  8.773426 ]
 [  8.798555 ]
 [  8.82347  ]
 [  8.848599 ]
 [  8.873681 ]
 [  8.905857 ]
 [  8.942353 ]
 [  8.97831  ]
 [  9.014806 ]
 [  9.050763 ]
 [  9.087258 ]
 [  9.123214 ]
 [  9.159183 ]
 [  9.195676 ]
 [  2.7899463]
 [207.23668  ]
 [296.6879   ]
 [  3.4194634]
 [  3.7237136]
 [220.1892   ]
 [223.59344  ]
 [211.46996  ]
 [ 76.30833  ]
 [200.22754  ]
 [200.67221  ]
 [201.09023  ]
 [201.65797  ]
 [202.1177   ]
 [202.60437  ]
 [203.06404  ]
 [  3.446604 ]
 [  3.1149032]
 [ 13.857876 ]
 [254.14186  ]
 [  3.7107074]
 [249.94948  ]
 [250.56288  ]
 [251.35979  ]
 [135.10127  ]
 [  6.233278 ]
 [  5.7125664]
 [244.71024  ]
 [245.24557  ]
 [246.02681  ]
 [246.54164  ]
 [  5.527975 ]
 [  7.5887527]
 [256.2555   ]
 [ 22.98374  ]
 [174.11368  ]
 [  4.4664674]
 [  4.0220346]
 [  6.3994327]
 [ 14.097231 ]
 [  4.431517 ]
 [  2.9348085]
 [188.16689  ]
 [159.09358  ]
 [  2.8214846]
 [  5.2512937]
 [ 89.98681  ]
 [185.057    ]
 [185.87538  ]
 [186.50613  ]
 [ 71.37882  ]
 [ 37.30048  ]
 [134.63121  ]
 [ 42.804688 ]
 [ 43.65346  ]
 [ 46.392094 ]
 [ 47.153492 ]
 [  2.6366603]
 [ 74.29368  ]
 [  2.6362064]
 [  2.666753 ]
 [  2.7239208]
 [  2.7533593]
 [121.9853   ]
 [122.52631  ]
 [123.06736  ]
 [123.547646 ]
 [124.23034  ]
 [124.73089  ]
 [125.232216 ]
 [125.83588  ]
 [126.480385 ]
 [127.02303  ]
 [  2.5880058]
 [127.81762  ]
 [128.42139  ]
 [ 16.750235 ]
 [ 88.80667  ]
 [ 89.49366  ]
 [ 90.171135 ]
 [ 91.16648  ]
 [ 91.853516 ]
 [ 92.54052  ]
 [ 93.21792  ]
 [  2.6644015]
 [ 19.378176 ]
 [  2.6626508]
 [  3.7899053]
 [  3.8120787]
 [  3.833745 ]
 [  3.8562462]
 [  3.878642 ]
 [  3.9040234]
 [  3.9271839]
 [  3.9504588]
 [  3.9731338]
 [  3.9966853]
 [  4.0202127]
 [  4.043125 ]
 [  4.0675406]
 [  4.0908036]
 [  4.114656 ]
 [  4.138569 ]
 [  4.162332 ]
 [  4.1867685]
 [  4.2112103]
 [  4.2362323]
 [  4.260089 ]
 [  2.9603174]
 [  3.0182283]
 [142.98946  ]
 [  3.0488498]
 [116.01292  ]
 [121.994675 ]
 [125.22045  ]
 [128.04744  ]
 [ 96.81895  ]
 [146.22453  ]
 [ 32.435524 ]
 [160.53874  ]
 [139.6512   ]
 [140.19243  ]
 [140.84196  ]
 [141.26273  ]
 [141.7075   ]
 [142.10417  ]
 [142.5731   ]
 [142.9818   ]
 [143.78868  ]
 [144.2347   ]
 [144.69154  ]
 [145.11186  ]
 [145.66461  ]
 [146.16916  ]
 [146.63766  ]
 [147.02458  ]
 [147.43608  ]
 [147.89618  ]
 [148.33192  ]
 [148.80405  ]
 [149.27618  ]
 [  3.4425938]
 [150.27985  ]
 [ 51.871883 ]
 [ 52.40416  ]
 [ 52.891407 ]
 [  3.8694808]
 [  3.887148 ]
 [  3.145532 ]
 [  3.1448636]
 [  3.1441166]
 [ 55.472736 ]
 [209.67604  ]
 [211.07587  ]
 [212.27448  ]
 [  5.6223207]
 [275.1661   ]
 [262.25644  ]
 [263.54416  ]
 [ 62.840473 ]
 [ 53.734837 ]
 [ 13.957301 ]
 [130.0973   ]
 [273.737    ]
 [303.79565  ]
 [313.11325  ]
 [153.43333  ]
 [107.78537  ]
 [108.268364 ]
 [108.75125  ]
 [109.23885  ]
 [109.729866 ]
 [110.2195   ]
 [110.70904  ]
 [111.20034  ]
 [111.689964 ]
 [112.179535 ]
 [112.670876 ]
 [113.160515 ]
 [113.65008  ]
 [114.142044 ]
 [114.63352  ]
 [115.125    ]
 [115.61823  ]
 [116.10973  ]
 [116.60116  ]
 [117.094376 ]
 [117.58586  ]
 [118.0773   ]
 [118.57051  ]
 [119.06202  ]
 [119.55343  ]
 [120.04666  ]
 [120.53823  ]
 [121.02958  ]
 [121.522766 ]
 [122.01432  ]
 [122.5058   ]
 [122.99723  ]
 [123.48873  ]
 [123.98196  ]
 [124.47339  ]
 [124.96485  ]
 [125.45808  ]
 [125.94955  ]
 [126.44105  ]
 [126.93424  ]
 [127.42572  ]
 [127.91724  ]
 [128.40868  ]
 [128.9019   ]
 [129.39334  ]
 [129.88489  ]
 [130.37459  ]
 [130.86253  ]
 [131.347    ]
 [131.83846  ]
 [350.54373  ]
 [235.16792  ]
 [ 62.106552 ]
 [ 90.14426  ]
 [279.5427   ]
 [279.9418   ]
 [280.34583  ]
 [280.75473  ]
 [281.1637   ]
 [281.50516  ]
 [281.84006  ]
 [316.58     ]
 [317.33908  ]
 [ 42.19186  ]
 [ 32.137104 ]
 [ 10.510982 ]
 [  8.750073 ]
 [ 17.74476  ]
 [206.77245  ]
 [152.05475  ]
 [ 56.733604 ]
 [ 57.274403 ]
 [ 57.900314 ]
 [ 58.357964 ]
 [ 59.480938 ]
 [ 60.087547 ]
 [ 60.632687 ]
 [ 95.152275 ]
 [  4.481824 ]
 [180.3168   ]
 [164.17169  ]
 [  6.176061 ]
 [  4.3302345]
 [  3.8915224]
 [111.92484  ]
 [ 16.677217 ]
 [  4.083188 ]
 [  4.0936136]
 [  4.1044345]
 [  4.115255 ]
 [  4.126075 ]
 [  4.136885 ]
 [  4.1479015]
 [  4.158988 ]
 [  4.169701 ]
 [  4.180925 ]
 [  4.1916757]
 [  4.2210417]
 [  4.2340884]
 [  4.246983 ]
 [  4.259995 ]
 [  4.274664 ]
 [259.26218  ]
 [ 21.429586 ]
 [  3.928216 ]
 [105.493    ]]"
2022-03-07,2022-03-14,727,22,534,1471,36.30183548606391,49.42216179469748,3.0261348005502064,43.09927360774818,0.09060149088209712,753.0547740856907,203.46667572586492,203.46707153320312,567091.5,20,"[[165.27693]
 [165.46481]
 [165.5433 ]
 ...
 [378.24298]
 [266.95175]
 [301.342  ]]"
2022-03-08,2022-03-15,768,127,146,1533,9.523809523809524,50.09784735812133,16.536458333333336,18.55146124523507,0.03484286268856218,1787.0155226033314,284.1250597351296,284.1250305175781,3193425.25,20,"[[562.70996 ]
 [ 48.273975]
 [321.61786 ]
 ...
 [737.54663 ]
 [780.659   ]
 [ 99.532455]]"
2022-03-09,2022-03-16,693,0,272,1047,25.97898758357211,66.189111747851,0.0,28.186528497409324,0.2194119777207768,423.2065750192232,355.39379439130784,355.3937683105469,179103.828125,20,"[[ 949.1901 ]
 [ 711.87036]
 [ 964.81635]
 ...
 [ 744.4966 ]
 [ 642.04034]
 [1011.547  ]]"
2022-03-10,2022-03-17,529,0,248,777,31.917631917631915,68.08236808236808,0.0,31.917631917631915,-0.06559233741588844,443.1735973279291,397.2558540727181,397.2558288574219,196402.859375,20,"[[518.49854]
 [536.1159 ]
 [514.00446]
 [524.78424]
 [527.54364]
 [525.52655]
 [531.7397 ]
 [533.8132 ]
 [535.41797]
 [551.764  ]
 [537.0391 ]
 [530.0235 ]
 [534.7966 ]
 [546.2576 ]
 [559.4661 ]
 [568.30365]
 [562.87714]
 [548.5125 ]
 [569.18585]
 [565.78314]
 [565.9616 ]
 [560.27655]
 [610.82605]
 [563.296  ]
 [567.11554]
 [567.2735 ]
 [567.4111 ]
 [567.6098 ]
 [587.34174]
 [587.6449 ]
 [596.47845]
 [597.06616]
 [597.8576 ]
 [550.7116 ]
 [598.80695]
 [600.9765 ]
 [603.85046]
 [604.45984]
 [605.11005]
 [605.6786 ]
 [606.3288 ]
 [610.2229 ]
 [610.3017 ]
 [610.3603 ]
 [610.4393 ]
 [610.49774]
 [610.5767 ]
 [610.67596]
 [610.73444]
 [610.8133 ]
 [610.8717 ]
 [610.95056]
 [611.0091 ]
 [611.06757]
 [611.1463 ]
 [611.20483]
 [611.2837 ]
 [611.3422 ]
 [611.42096]
 [611.47943]
 [611.5379 ]
 [611.61676]
 [611.6957 ]
 [611.7541 ]
 [611.81256]
 [611.8914 ]
 [611.9499 ]
 [612.02875]
 [612.0872 ]
 [612.166  ]
 [612.2245 ]
 [612.3034 ]
 [612.36176]
 [612.4202 ]
 [612.51953]
 [612.578  ]
 [612.65686]
 [595.1204 ]
 [576.6153 ]
 [580.7344 ]
 [585.39966]
 [585.53754]
 [585.6959 ]
 [568.0423 ]
 [560.6137 ]
 [554.8688 ]
 [555.0471 ]
 [555.59247]
 [559.25446]
 [561.587  ]
 [615.4361 ]
 [567.43536]
 [571.5264 ]
 [564.53766]
 [607.0999 ]
 [565.4471 ]
 [563.9244 ]
 [564.26544]
 [571.69147]
 [572.01276]
 [570.3095 ]
 [613.3116 ]
 [565.17706]
 [570.4932 ]
 [568.5535 ]
 [549.7563 ]
 [548.2882 ]
 [549.04706]
 [528.92377]
 [539.2474 ]
 [589.40967]
 [548.2452 ]
 [545.5986 ]
 [527.9073 ]
 [522.95166]
 [530.3918 ]
 [526.06573]
 [519.55743]
 [510.8077 ]
 [519.769  ]
 [526.0278 ]
 [523.899  ]
 [555.9146 ]
 [556.6032 ]
 [557.2713 ]
 [558.0212 ]
 [558.7915 ]
 [559.48   ]
 [560.7272 ]
 [526.4152 ]
 [524.4509 ]
 [522.81274]
 [522.9707 ]
 [523.6995 ]
 [523.8371 ]
 [524.5456 ]
 [524.72394]
 [525.2286 ]
 [525.3864 ]
 [525.74835]
 [525.8654 ]
 [526.2069 ]
 [526.3648 ]
 [524.2859 ]
 [526.7622 ]
 [526.8997 ]
 [523.36475]
 [523.482  ]
 [523.69916]
 [509.74753]
 [494.12778]
 [497.8701 ]
 [498.93994]
 [507.3968 ]
 [517.8392 ]
 [568.06793]
 [569.32916]
 [525.39435]
 [525.79694]
 [525.9142 ]
 [526.0517 ]
 [526.2504 ]
 [526.5307 ]
 [592.0545 ]
 [547.6818 ]
 [550.0314 ]
 [559.5431 ]
 [607.7625 ]
 [609.5139 ]
 [609.98065]
 [610.427  ]
 [615.7492 ]
 [616.58295]
 [616.88654]
 [579.0419 ]
 [617.30817]
 [579.27966]
 [579.3923 ]
 [579.551  ]
 [642.45264]
 [676.5623 ]
 [639.33234]
 [639.3958 ]
 [624.41864]
 [624.4954 ]
 [651.16046]
 [655.476  ]
 [655.6141 ]
 [655.7724 ]
 [740.9472 ]
 [778.0313 ]
 [779.79193]
 [796.50757]
 [846.2576 ]
 [847.6409 ]
 [813.8232 ]
 [827.78107]
 [915.5208 ]
 [943.697  ]
 [910.4258 ]
 [919.9794 ]
 [894.7505 ]
 [894.90875]
 [895.08734]
 [895.2455 ]
 [895.38324]
 [895.5212 ]
 [896.2293 ]
 [896.3671 ]
 [896.52527]
 [907.38837]
 [877.24603]
 [912.6521 ]
 [877.94025]
 [853.8621 ]
 [911.88837]
 [912.0274 ]
 [912.1868 ]
 [912.4482 ]
 [912.9134 ]
 [913.29706]
 [913.39545]
 [913.5345 ]
 [915.83386]
 [915.9118 ]
 [915.9694 ]
 [916.0474 ]
 [916.1049 ]
 [916.1829 ]
 [916.2609 ]
 [916.3184 ]
 [916.3964 ]
 [916.454  ]
 [916.53204]
 [916.60974]
 [916.66754]
 [916.7454 ]
 [916.803  ]
 [916.8809 ]
 [916.95886]
 [917.0165 ]
 [917.0944 ]
 [917.15204]
 [917.22986]
 [917.308  ]
 [917.36554]
 [917.44336]
 [917.5214 ]
 [917.5789 ]
 [917.6569 ]
 [917.7145 ]
 [917.79236]
 [917.8704 ]
 [917.9279 ]
 [918.0059 ]
 [918.06354]
 [918.1415 ]
 [918.19904]
 [918.2769 ]
 [918.3549 ]
 [918.4125 ]
 [918.49054]
 [918.54803]
 [918.6259 ]
 [918.68353]
 [886.1009 ]
 [916.76166]
 [922.81067]
 [936.3443 ]
 [938.23615]
 [890.2301 ]
 [880.95856]
 [881.035  ]
 [881.09106]
 [881.16754]
 [881.2237 ]
 [801.45135]
 [803.07874]
 [807.9069 ]
 [770.24426]
 [770.30035]
 [770.3767 ]
 [770.4327 ]
 [770.4887 ]
 [770.5652 ]
 [770.6212 ]
 [770.6772 ]
 [770.7536 ]
 [770.80975]
 [770.88605]
 [770.942  ]
 [770.9981 ]
 [771.0745 ]
 [771.13055]
 [496.04602]
 [545.1508 ]
 [515.20416]
 [557.5247 ]
 [523.4654 ]
 [523.4753 ]
 [533.8732 ]
 [534.0722 ]
 [512.6779 ]
 [501.9    ]
 [484.62   ]
 [468.07126]
 [464.36075]
 [464.95035]
 [464.84113]
 [453.4232 ]
 [477.40536]
 [457.81955]
 [439.46658]
 [431.1424 ]
 [431.66556]
 [431.61032]
 [431.58328]
 [442.14847]
 [432.08994]
 [432.86865]
 [442.4187 ]
 [409.95465]
 [410.80197]
 [410.43362]
 [409.6494 ]
 [409.7717 ]
 [406.35632]
 [403.3196 ]
 [407.2054 ]
 [403.88943]
 [403.73053]
 [404.16815]
 [404.26056]
 [404.228  ]
 [404.41568]
 [404.6729 ]
 [392.16434]
 [448.91714]
 [405.4372 ]
 [413.81052]
 [414.2123 ]
 [414.5324 ]
 [415.05667]
 [414.40164]
 [407.28333]
 [407.3054 ]
 [407.6465 ]
 [410.28683]
 [410.5063 ]
 [410.6187 ]
 [411.348  ]
 [407.05643]
 [415.7745 ]
 [416.09586]
 [407.05466]
 [411.8826 ]
 [412.44864]
 [417.6708 ]
 [453.21014]
 [415.1722 ]
 [413.7296 ]
 [390.2157 ]
 [384.00177]
 [386.92255]
 [378.0507 ]
 [383.48587]
 [384.9084 ]
 [386.10672]
 [429.84006]
 [430.10272]
 [395.442  ]
 [387.83737]
 [426.53885]
 [382.25366]
 [370.93777]
 [359.39047]
 [361.25027]
 [365.36804]
 [355.1973 ]
 [355.38483]
 [354.21277]
 [389.23538]
 [389.6202 ]
 [390.2905 ]
 [345.57935]
 [390.83353]
 [391.198  ]
 [346.32962]
 [346.3857 ]
 [346.46225]
 [346.51837]
 [346.5745 ]
 [346.65094]
 [346.70706]
 [347.4016 ]
 [389.1628 ]
 [390.93616]
 [391.75058]
 [392.0142 ]
 [392.1553 ]
 [392.45966]
 [392.86606]
 [393.10922]
 [371.5649 ]
 [371.27414]
 [394.79468]
 [394.9987 ]
 [349.41208]
 [395.2577 ]
 [395.37845]
 [395.64194]
 [395.88507]
 [357.5623 ]
 [358.29538]
 [369.92178]
 [372.60574]
 [388.032  ]
 [388.31314]
 [388.47186]
 [388.67142]
 [366.89163]
 [366.96808]
 [367.83652]
 [354.48804]
 [345.19632]
 [346.43152]
 [379.2147 ]
 [338.45572]
 [331.06918]
 [384.2874 ]
 [334.39133]
 [343.99997]
 [333.6019 ]
 [345.88727]
 [335.24637]
 [335.9354 ]
 [337.50134]
 [337.12622]
 [332.29587]
 [333.42072]
 [335.80087]
 [325.1865 ]
 [329.4435 ]
 [324.433  ]
 [325.82883]
 [327.4977 ]
 [325.17566]
 [325.25214]
 [325.3082 ]
 [325.3847 ]
 [280.41312]
 [296.29575]
 [297.24948]
 [276.9605 ]
 [278.504  ]
 [273.98373]
 [275.19815]
 [276.60736]
 [275.29678]
 [301.03714]
 [301.23666]
 [301.47702]
 [301.67654]
 [301.8965 ]
 [302.09604]
 [302.316  ]
 [302.53592]
 [282.3665 ]
 [302.79156]
 [303.07266]
 [303.31296]
 [303.5533 ]
 [315.66028]
 [303.83044]
 [304.03   ]
 [304.2499 ]
 [284.22324]
 [316.59647]
 [304.6443 ]
 [304.86423]
 [305.14536]
 [305.36526]
 [317.51297]
 [305.66278]
 [305.92346]
 [306.16385]
 [318.35233]
 [306.44095]
 [306.68124]
 [306.9012 ]
 [307.12115]
 [319.26883]
 [307.3983 ]
 [307.67935]
 [308.00125]
 [320.10822]
 [308.27832]
 [308.51868]
 [308.759  ]
 [320.9679 ]
 [309.03616]
 [309.27646]
 [309.51678]
 [309.7775 ]
 [310.0382 ]
 [310.2377 ]
 [310.4781 ]
 [310.7184 ]
 [290.6306 ]
 [335.13467]
 [288.05603]
 [311.0169 ]
 [311.298  ]
 [291.55637]
 [310.84097]
 [311.0817 ]
 [311.30215]
 [311.5429 ]
 [311.72263]
 [311.9227 ]
 [295.5653 ]
 [297.89423]
 [341.26257]
 [304.60696]
 [301.12912]
 [296.32455]
 [299.62125]
 [343.60855]
 [298.49557]
 [296.9384 ]
 [295.70944]
 [297.65668]
 [299.53317]
 [300.3505 ]
 [303.46   ]
 [306.593  ]
 [305.35907]
 [303.98077]
 [299.45334]
 [298.8549 ]
 [292.93893]
 [338.43484]
 [292.51956]
 [287.89676]
 [338.51572]
 [289.73117]
 [298.8023 ]
 [287.41714]
 [335.1659 ]
 [292.16623]
 [292.73203]
 [288.35   ]
 [311.20807]
 [309.74527]
 [328.61346]
 [361.65787]
 [361.79782]
 [361.8563 ]
 [361.93512]
 [361.99356]
 [362.07236]
 [362.1512 ]
 [362.20963]
 [362.28848]
 [362.3673 ]
 [362.42575]
 [362.50455]
 [362.56296]
 [362.64185]
 [362.7003 ]
 [362.77905]
 [362.8375 ]
 [362.91635]
 [362.99515]
 [363.05362]
 [363.13248]
 [363.19092]
 [363.26974]
 [363.34854]
 [363.42737]
 [363.5062 ]
 [363.585  ]
 [363.64343]
 [363.72226]
 [363.8215 ]
 [363.87994]
 [363.95877]
 [364.0172 ]
 [364.096  ]
 [364.17484]
 [364.23334]
 [319.69962]
 [320.34686]
 [320.5049 ]
 [320.66284]
 [323.3632 ]
 [323.86795]
 [324.20963]
 [332.39468]
 [335.63623]
 [339.6883 ]
 [340.76376]
 [348.07086]
 [348.14764]
 [348.2244 ]
 [348.2808 ]
 [348.3575 ]
 [348.41385]
 [348.4906 ]
 [348.54697]
 [348.6237 ]
 [348.68002]
 [348.7568 ]
 [348.83356]
 [348.88986]
 [348.9666 ]
 [349.04337]
 [349.0997 ]
 [349.17645]
 [349.25317]
 [349.30954]
 [349.38626]
 [349.50378]
 [349.58054]
 [349.67764]
 [349.75436]
 [346.3115 ]
 [347.06082]
 [344.84073]
 [344.56226]
 [343.51025]
 [341.09845]
 [341.9496 ]
 [336.55508]
 [337.08014]
 [335.28812]
 [335.5764 ]
 [336.552  ]
 [337.40317]
 [338.39502]
 [339.34818]
 [340.28085]
 [340.8873 ]
 [343.6229 ]
 [341.67227]
 [342.48264]
 [343.4153 ]
 [344.4092 ]
 [345.36234]
 [346.27457]
 [347.2481 ]
 [348.1808 ]
 [348.62967]
 [349.12872]
 [350.00027]
 [350.9126 ]
 [373.1741 ]
 [351.82053]
 [352.7532 ]
 [353.68588]
 [354.82248]
 [355.8775 ]
 [356.7898 ]
 [357.62057]
 [358.43094]
 [359.13943]
 [359.909  ]
 [406.5356 ]
 [360.81772]
 [361.66882]
 [362.56076]
 [363.51382]
 [364.34457]
 [365.23654]
 [413.6796 ]
 [370.52472]
 [414.1738 ]
 [414.762  ]
 [377.85745]
 [384.89774]
 [385.07617]
 [385.17303]
 [385.2903 ]
 [385.3872 ]
 [395.19962]
 [387.8185 ]
 [433.94406]
 [388.31906]
 [385.84866]
 [432.30826]
 [432.63116]
 [396.79483]
 [398.798  ]
 [432.96896]
 [411.17435]
 [417.53012]
 [420.37918]
 [427.40567]
 [441.8217 ]
 [441.89874]
 [422.63782]
 [430.06244]
 [435.02206]
 [441.79944]
 [443.00232]
 [446.07565]
 [446.90646]
 [446.0911 ]
 [520.44525]
 [520.5246 ]
 [520.60376]
 [520.7034 ]
 [520.78265]
 [520.8824 ]
 [520.96155]
 [521.04083]
 [521.14044]
 [521.2605 ]
 [521.38043]
 [521.4801 ]
 [521.60016]
 [477.55594]
 [521.8375 ]
 [521.9372 ]
 [522.03687]
 [522.116  ]
 [522.19525]
 [522.295  ]
 [522.3742 ]
 [522.4738 ]
 [522.55316]
 [530.6027 ]
 [487.9589 ]
 [492.31522]
 [521.77203]
 [521.851  ]
 [521.99115]
 [522.0701 ]
 [522.1695 ]
 [522.2485 ]
 [522.3681 ]
 [522.46747]
 [522.54645]
 [522.6452 ]
 [522.764  ]
 [522.90314]
 [523.0219 ]
 [523.1407 ]
 [523.2391 ]
 [523.3578 ]
 [523.43585]
 [523.51385]
 [523.61224]
 [523.6901 ]
 [523.7886 ]
 [523.9073 ]
 [523.9854 ]
 [486.73032]
 [487.3796 ]
 [487.8658 ]
 [480.30508]
 [488.3469 ]
 [479.37256]
 [482.6293 ]
 [491.28775]
 [484.45316]
 [530.81915]
 [494.30014]
 [494.72803]
 [494.96756]
 [491.58505]
 [495.85516]
 [509.83734]
 [485.96066]
 [537.44183]
 [538.967  ]
 [501.08597]]"
2022-03-11,2022-03-18,529,20,157,861,18.234610917537747,61.440185830429726,3.780718336483932,23.573573573573572,0.24245275106670838,218.71929932694655,153.52718989829708,153.7207794189453,47842.03125,20,"[[ 118.5878  ]
 [ 496.16953 ]
 [ 497.02777 ]
 [  78.696655]
 [ 116.353355]
 [   0.      ]
 [   0.      ]
 [ 104.164474]
 [ 104.22093 ]
 [ 398.2888  ]
 [ 289.72217 ]
 [ 294.3466  ]
 [  68.82588 ]
 [   0.      ]
 [   0.      ]
 [  89.21112 ]
 [ 363.2045  ]
 [   0.      ]
 [ 118.73301 ]
 [   0.      ]
 [   0.      ]
 [   0.      ]
 [ 619.4727  ]
 [ 244.08067 ]
 [ 857.33453 ]
 [ 137.29224 ]
 [ 190.27388 ]
 [ 201.55429 ]
 [ 104.562584]
 [ 679.60443 ]
 [  43.287193]
 [ 608.39685 ]
 [ 617.4237  ]
 [  60.595203]
 [ 620.2633  ]
 [ 623.1817  ]
 [ 627.9333  ]
 [ 629.477   ]
 [ 630.71576 ]
 [ 742.08295 ]
 [ 742.1985  ]
 [ 742.31415 ]
 [ 742.5993  ]
 [ 746.795   ]
 [ 747.2508  ]
 [ 747.7062  ]
 [ 748.1617  ]
 [ 692.55853 ]
 [ 693.0207  ]
 [ 693.48285 ]
 [ 693.94476 ]
 [ 781.88074 ]
 [  55.39924 ]
 [  79.0409  ]
 [  46.1786  ]
 [  55.503864]
 [  93.92763 ]
 [ 109.36051 ]
 [  93.152954]
 [  93.30361 ]
 [  93.42348 ]
 [  93.16471 ]
 [ 136.39719 ]
 [  84.93669 ]
 [  95.38353 ]
 [  44.244953]
 [  47.002983]
 [ 673.63116 ]
 [ 674.0549  ]
 [ 674.43823 ]
 [ 674.82166 ]
 [ 675.2049  ]
 [ 675.5881  ]
 [ 675.9715  ]
 [ 676.3027  ]
 [ 165.51675 ]
 [ 150.16844 ]
 [ 980.937   ]
 [ 982.05206 ]
 [ 982.5064  ]
 [ 266.71106 ]
 [ 983.912   ]
 [ 985.65247 ]
 [ 244.10959 ]
 [ 988.11316 ]
 [ 199.65834 ]
 [ 148.4977  ]
 [ 994.98755 ]
 [ 397.52612 ]
 [ 136.00536 ]
 [ 996.8484  ]
 [ 175.99783 ]
 [ 295.69635 ]
 [ 135.36331 ]
 [ 857.788   ]
 [ 584.4344  ]
 [ 294.56317 ]
 [ 323.44363 ]
 [ 102.7184  ]
 [  96.2372  ]
 [  98.61244 ]
 [ 457.93658 ]
 [ 458.44363 ]
 [ 459.00647 ]
 [ 459.56796 ]
 [ 460.07495 ]
 [ 460.6376  ]
 [ 461.1997  ]
 [ 461.7068  ]
 [ 462.26907 ]
 [ 462.776   ]
 [ 463.33768 ]
 [ 463.8421  ]
 [ 464.40033 ]
 [ 464.903   ]
 [ 120.883316]
 [ 105.65043 ]
 [ 931.8628  ]
 [ 155.04642 ]
 [ 155.207   ]
 [ 155.35733 ]
 [ 155.51805 ]
 [ 155.68922 ]
 [ 155.84978 ]
 [ 147.8122  ]
 [ 571.58765 ]
 [ 588.05756 ]
 [ 499.43085 ]
 [ 517.22675 ]
 [ 475.0254  ]
 [ 367.7434  ]
 [ 408.30856 ]
 [ 309.88507 ]
 [ 330.0254  ]
 [ 155.35446 ]
 [ 161.64175 ]
 [ 222.39493 ]
 [ 186.05927 ]
 [1021.2317  ]
 [ 113.14293 ]
 [1012.1289  ]
 [ 146.13431 ]
 [ 157.28299 ]
 [ 157.44531 ]
 [ 157.63348 ]
 [ 157.7959  ]
 [ 157.9845  ]
 [ 158.14691 ]
 [ 974.192   ]
 [ 976.2833  ]
 [ 977.04694 ]
 [ 109.676994]
 [1039.8887  ]
 [1040.7946  ]
 [1041.2909  ]
 [ 223.64691 ]
 [ 152.26187 ]
 [ 152.50276 ]
 [  85.74417 ]
 [ 102.3217  ]
 [ 648.88367 ]
 [ 649.53906 ]
 [ 649.9284  ]
 [ 650.6425  ]
 [ 101.60677 ]
 [ 282.84464 ]
 [ 167.14853 ]
 [ 839.5449  ]
 [  47.582005]
 [ 238.39914 ]
 [  94.49373 ]
 [  94.628944]
 [  94.70613 ]
 [ 855.21515 ]
 [ 118.592926]
 [ 133.35233 ]
 [  56.421284]
 [ 122.29692 ]
 [ 116.95459 ]
 [ 173.51619 ]
 [ 146.42792 ]
 [ 206.63356 ]
 [ 184.7554  ]
 [ 149.72949 ]
 [ 171.8327  ]
 [ 161.9758  ]
 [ 136.85986 ]
 [ 765.356   ]
 [ 765.67035 ]
 [ 765.9805  ]
 [ 766.2913  ]
 [ 766.5944  ]
 [ 766.90515 ]
 [ 767.21954 ]
 [ 152.90639 ]
 [ 651.77826 ]
 [ 128.44496 ]
 [ 802.8033  ]
 [ 300.51245 ]
 [ 285.91388 ]
 [ 115.1407  ]
 [ 626.7581  ]
 [ 624.021   ]
 [ 164.96376 ]
 [ 165.0127  ]
 [ 165.10068 ]
 [ 145.61548 ]
 [ 149.95148 ]
 [ 165.4115  ]
 [ 147.3757  ]
 [ 143.08246 ]
 [ 148.01434 ]
 [ 145.31459 ]
 [ 143.31137 ]
 [ 145.9182  ]
 [ 147.45564 ]
 [ 150.38174 ]
 [ 146.27814 ]
 [ 145.68884 ]
 [  96.27455 ]
 [  93.20667 ]
 [  95.1484  ]
 [ 111.58232 ]
 [  94.88024 ]
 [  98.62311 ]
 [  92.33725 ]
 [  93.47284 ]
 [  62.43254 ]
 [  52.638676]
 [ 164.58618 ]
 [  66.49864 ]
 [ 112.91945 ]
 [  53.20764 ]
 [  53.303432]
 [  53.403973]
 [  53.509254]
 [  53.609753]
 [  41.2215  ]
 [  14.835035]
 [  20.749773]
 [  17.517141]
 [  14.639829]
 [  15.787097]
 [  60.66607 ]
 [   9.112925]
 [   9.17997 ]
 [   9.232258]
 [   9.299387]
 [   9.351673]
 [   9.418714]
 [   9.47098 ]
 [   9.538054]
 [   9.590355]
 [   9.657432]
 [   9.709703]
 [   9.776797]
 [   9.829086]
 [   9.881344]
 [   9.948399]
 [ 171.19812 ]
 [  24.80749 ]
 [   0.      ]
 [ 413.90515 ]
 [ 459.73013 ]
 [  29.044806]
 [   5.249263]
 [  14.32925 ]
 [  14.460376]
 [  14.591398]
 [  14.694546]
 [  14.770453]
 [  14.876406]
 [  14.954465]
 [  15.060409]
 [  15.138452]
 [  15.244499]
 [  15.322592]
 [  15.400655]
 [  15.506634]
 [  15.584657]
 [  15.690668]
 [  15.768743]
 [  15.846264]
 [  15.950987]
 [  16.026617]
 [  16.131353]
 [  16.236084]
 [  16.311747]
 [  16.420776]
 [  16.501242]
 [  16.581728]
 [  16.690916]
 [  16.771364]
 [  16.880644]
 [  16.961088]
 [  17.041552]
 [  17.150671]
 [  17.231205]
 [  17.311642]
 [  17.42087 ]
 [  17.5013  ]
 [  17.610586]
 [  17.691053]
 [  17.80221 ]
 [  17.884794]
 [  17.996698]
 [  18.079271]
 [  18.191217]
 [  18.273773]
 [  18.356344]
 [  18.46821 ]
 [  18.550776]
 [  18.662746]
 [  18.745281]
 [  18.827864]
 [  18.939817]
 [   0.      ]
 [   0.      ]
 [   0.      ]
 [ 189.08823 ]
 [ 190.53342 ]
 [ 191.45045 ]
 [ 192.53494 ]
 [ 193.96233 ]
 [ 195.90402 ]
 [   0.      ]
 [ 282.15448 ]
 [ 199.58524 ]
 [  33.986904]
 [  34.139194]
 [  34.291466]
 [ 205.11818 ]
 [ 461.85388 ]
 [ 522.56573 ]
 [ 510.55096 ]
 [ 378.71848 ]
 [ 551.89746 ]
 [ 553.46765 ]
 [ 569.9123  ]
 [  69.69859 ]
 [ 579.4361  ]
 [  70.3165  ]
 [  70.91257 ]
 [ 589.8648  ]
 [ 452.8063  ]
 [ 455.47375 ]
 [ 608.3383  ]
 [ 614.3418  ]
 [ 600.6991  ]
 [  45.20521 ]
 [ 608.8237  ]
 [ 614.1851  ]
 [ 619.0907  ]
 [  47.975674]
 [ 625.10626 ]
 [ 629.4772  ]
 [ 577.6715  ]
 [ 584.2848  ]
 [  42.031376]
 [ 589.20154 ]
 [ 549.3796  ]
 [ 594.7961  ]
 [  39.513767]
 [ 581.2905  ]
 [ 584.64294 ]
 [ 587.64514 ]
 [ 590.8578  ]
 [ 594.3892  ]
 [ 569.80084 ]
 [  45.683014]
 [ 567.50653 ]
 [ 109.246765]
 [ 109.94586 ]
 [ 110.64812 ]
 [ 111.36414 ]
 [ 112.121506]
 [ 112.87752 ]
 [ 113.63373 ]
 [ 114.59074 ]
 [ 115.37606 ]
 [ 116.151794]
 [   7.727619]
 [  47.15433 ]
 [  96.02956 ]
 [  96.60583 ]
 [  26.745728]
 [ 434.35907 ]
 [ 435.90045 ]
 [ 438.6789  ]
 [  57.733845]
 [ 440.95685 ]
 [ 442.20868 ]
 [ 444.62134 ]
 [  42.38123 ]
 [  37.132225]
 [  37.86217 ]
 [  20.834505]
 [  21.036076]
 [  61.873547]
 [  62.25601 ]
 [  62.87396 ]
 [  63.14401 ]
 [  63.53864 ]
 [ 395.89545 ]
 [  69.355934]
 [  69.635445]
 [  69.90469 ]
 [ 395.47717 ]
 [ 396.3417  ]
 [ 397.21674 ]
 [ 398.11237 ]
 [ 398.98752 ]
 [ 399.87268 ]
 [  37.926746]
 [  55.460735]
 [ 324.36444 ]
 [  20.94415 ]
 [  47.235447]
 [ 329.27032 ]
 [ 330.16223 ]
 [ 331.05402 ]
 [ 331.90158 ]
 [ 332.77112 ]
 [ 333.61877 ]
 [ 334.46625 ]
 [ 335.33575 ]
 [ 336.1833  ]
 [ 337.05298 ]
 [ 337.9006  ]
 [ 338.74817 ]
 [ 339.61752 ]
 [ 340.46518 ]
 [ 341.33496 ]
 [ 342.18243 ]
 [ 343.0301  ]
 [ 343.89972 ]
 [ 344.7472  ]
 [ 345.5947  ]
 [ 346.4643  ]
 [ 347.3052  ]
 [ 348.14566 ]
 [ 348.96463 ]
 [ 349.7839  ]
 [ 350.62454 ]
 [ 351.44373 ]
 [ 352.26276 ]
 [ 353.10315 ]
 [ 353.92224 ]
 [ 354.76285 ]
 [ 355.58185 ]
 [ 356.40094 ]
 [ 357.2416  ]
 [ 358.06073 ]
 [ 358.87515 ]
 [ 359.65582 ]
 [ 360.43457 ]
 [ 361.23715 ]
 [ 362.03973 ]
 [ 362.8422  ]
 [ 363.62085 ]
 [ 364.41302 ]
 [ 365.26624 ]
 [ 366.11957 ]
 [ 366.94772 ]
 [ 367.80084 ]
 [ 368.62933 ]
 [ 369.4574  ]
 [ 370.31067 ]
 [  77.32351 ]
 [ 436.4672  ]
 [ 438.56793 ]
 [ 149.35191 ]
 [ 351.26343 ]
 [  52.769657]
 [  58.49332 ]
 [  26.614492]
 [   0.      ]
 [   0.      ]
 [ 386.1599  ]
 [ 387.10797 ]
 [ 388.0564  ]
 [ 388.99802 ]
 [ 389.9461  ]
 [ 390.8876  ]
 [ 391.83582 ]
 [ 392.78378 ]
 [ 393.72546 ]
 [ 394.6737  ]
 [ 395.6217  ]
 [ 396.5699  ]
 [ 397.51147 ]
 [ 398.45956 ]
 [ 399.40778 ]
 [ 400.34952 ]
 [ 401.29755 ]
 [ 402.2391  ]
 [ 403.18732 ]
 [ 404.13547 ]
 [ 405.09006 ]
 [ 406.0381  ]
 [ 406.98578 ]
 [ 407.91907 ]
 [ 408.85913 ]
 [ 409.79236 ]
 [ 410.7324  ]
 [ 411.67218 ]
 [ 412.60547 ]
 [ 413.54547 ]
 [ 414.47882 ]
 [ 415.4187  ]
 [ 416.35858 ]
 [ 417.29382 ]
 [ 418.23572 ]
 [ 419.17123 ]
 [ 143.43994 ]
 [ 144.09038 ]
 [ 144.74026 ]
 [ 145.3901  ]
 [ 146.04053 ]
 [ 146.70401 ]
 [ 147.36867 ]
 [ 148.03386 ]
 [ 148.69843 ]
 [ 149.36264 ]
 [ 150.01855 ]
 [ 150.6749  ]
 [ 151.33075 ]
 [ 151.9867  ]
 [ 152.64488 ]
 [ 153.32565 ]
 [ 154.00464 ]
 [ 154.6838  ]
 [ 155.36292 ]
 [ 156.03954 ]
 [ 156.71649 ]
 [ 157.39352 ]
 [ 158.07216 ]
 [ 158.74905 ]
 [ 303.24255 ]
 [  10.130901]
 [   0.      ]
 [  65.09667 ]
 [ 419.2764  ]
 [ 414.6856  ]
 [  16.543318]
 [  46.03458 ]
 [ 423.08957 ]
 [ 423.27524 ]
 [  28.319141]
 [  28.409414]
 [  28.503843]
 [  28.594187]
 [  28.684507]
 [  28.766691]
 [  28.852957]
 [  28.935112]
 [  29.016582]
 [ 497.33197 ]
 [ 502.3907  ]
 [ 514.12915 ]
 [ 216.83249 ]
 [ 377.02356 ]
 [ 414.0544  ]
 [ 416.5051  ]
 [ 324.66788 ]
 [ 324.99445 ]
 [ 325.43472 ]
 [ 325.7754  ]
 [  74.214035]
 [ 141.82275 ]
 [ 397.46408 ]
 [1803.2278  ]
 [1806.0381  ]
 [1808.8903  ]
 [1811.7421  ]
 [1814.5498  ]
 [ 295.67505 ]
 [ 235.48569 ]
 [ 485.44373 ]
 [ 391.3852  ]
 [ 321.66406 ]
 [ 323.04617 ]
 [  60.27017 ]
 [  40.917812]
 [  35.501324]
 [ 121.75953 ]
 [  31.239178]
 [ 403.09836 ]
 [ 425.76254 ]
 [  51.04917 ]
 [  21.509325]
 [ 231.03662 ]
 [  53.775547]
 [  65.94653 ]
 [  61.10812 ]
 [  61.19592 ]
 [  61.276768]
 [  61.357548]
 [ 203.45634 ]
 [  66.63962 ]
 [ 368.83185 ]
 [  98.91059 ]
 [  83.23836 ]
 [  74.215805]
 [  62.019352]
 [  62.488327]
 [  71.44043 ]
 [  55.215633]
 [ 202.4945  ]
 [ 203.15268 ]
 [  56.468143]
 [  54.88326 ]
 [ 264.97327 ]
 [  58.006744]
 [  62.798393]
 [  43.8979  ]
 [  33.289608]
 [  34.512676]
 [ 398.9129  ]
 [ 244.36975 ]
 [ 364.5295  ]
 [ 365.58264 ]
 [  10.183731]
 [  10.258469]
 [  10.357183]
 [  10.431889]
 [  33.54887 ]
 [ 343.56866 ]
 [ 344.2962  ]
 [ 344.8512  ]
 [ 345.57828 ]
 [ 346.3056  ]
 [ 347.03247 ]
 [ 347.75964 ]
 [ 348.48657 ]
 [ 349.21402 ]
 [ 349.9408  ]
 [ 350.4956  ]
 [ 351.22272 ]
 [ 351.9502  ]
 [ 352.67712 ]
 [ 353.40424 ]
 [ 354.13135 ]
 [ 354.68658 ]
 [ 355.4132  ]
 [ 356.14053 ]
 [ 356.8672  ]
 [ 357.42252 ]
 [ 358.14984 ]
 [ 358.8769  ]
 [ 359.60397 ]
 [ 360.15897 ]
 [  83.088104]
 [  70.884415]
 [  31.27206 ]
 [  31.496984]
 [  20.905428]
 [  31.838713]
 [  67.71556 ]
 [  30.83206 ]
 [  71.653915]
 [  71.88112 ]
 [  72.15376 ]
 [  72.38094 ]
 [  72.60814 ]
 [  29.365877]
 [  30.990416]
 [ 541.64484 ]
 [ 545.52106 ]
 [ 167.44667 ]
 [ 190.97758 ]
 [ 670.4132  ]
 [  74.76141 ]
 [ 542.4102  ]
 [ 544.1781  ]
 [ 846.5063  ]
 [ 846.4454  ]
 [ 846.3696  ]
 [ 846.2044  ]
 [1107.4757  ]
 [ 838.7116  ]
 [ 838.4444  ]
 [ 835.87854 ]
 [ 204.43214 ]
 [ 148.07288 ]
 [ 293.79715 ]
 [ 759.47815 ]
 [ 186.11862 ]
 [  82.202126]
 [ 241.99063 ]
 [ 285.9096  ]
 [ 222.39073 ]
 [ 223.01031 ]
 [ 223.68655 ]
 [ 224.31516 ]
 [ 123.114136]
 [ 123.655014]
 [ 124.20784 ]
 [  54.832172]
 [  54.97118 ]
 [  55.100895]
 [  46.90839 ]
 [  47.06973 ]
 [  47.21195 ]
 [ 303.9584  ]
 [  42.1497  ]
 [  53.65437 ]
 [  53.838993]
 [  53.90689 ]
 [  54.060932]
 [  54.20482 ]
 [  54.379288]
 [  54.527905]
 [  54.666286]
 [  55.00278 ]
 [  55.07498 ]
 [  55.198154]
 [  55.331463]
 [  55.485146]
 [  55.643894]
 [  55.84322 ]
 [  56.05785 ]
 [  56.2064  ]
 [  68.42035 ]
 [  68.581314]
 [  68.75171 ]
 [  68.87499 ]
 [  69.012436]
 [  69.16862 ]
 [  69.32961 ]
 [  69.47649 ]
 [  69.6091  ]
 [  69.770096]
 [  69.89805 ]
 [  70.02135 ]
 [  70.16821 ]
 [  70.30557 ]
 [  70.44299 ]
 [  70.56627 ]
 [  70.86385 ]
 [  71.04036 ]
 [  71.16695 ]
 [  71.29963 ]
 [  71.4465  ]
 [  71.65179 ]
 [  71.77309 ]
 [  71.9011  ]
 [  71.74635 ]
 [  71.81247 ]
 [ 649.8081  ]
 [  72.17456 ]
 [  67.47388 ]
 [ 662.9108  ]
 [ 663.5283  ]
 [  57.880367]
 [ 642.1413  ]
 [ 642.91425 ]
 [ 643.6877  ]
 [ 644.46106 ]
 [ 645.24603 ]
 [ 646.0192  ]
 [ 646.8041  ]
 [ 647.57245 ]
 [ 648.33997 ]
 [ 649.11835 ]
 [ 649.88574 ]
 [ 650.6421  ]
 [ 651.38727 ]
 [ 652.1437  ]
 [ 652.889   ]
 [  60.872208]
 [ 105.14964 ]
 [ 105.35684 ]
 [ 105.57088 ]
 [ 105.78499 ]
 [ 105.998955]
 [ 106.20621 ]
 [ 106.42027 ]
 [ 106.63428 ]
 [ 106.84834 ]
 [ 107.062454]
 [ 107.27648 ]
 [ 107.49055 ]
 [ 107.69775 ]
 [ 107.91175 ]
 [ 108.132645]
 [ 108.33986 ]
 [ 108.55389 ]
 [ 108.76793 ]
 [ 108.9751  ]
 [ 109.18919 ]
 [ 109.40329 ]
 [ 109.617325]
 [ 109.82449 ]
 [ 110.03972 ]
 [  67.6927  ]
 [ 629.1621  ]
 [ 629.94196 ]
 [ 630.7222  ]
 [ 631.50244 ]
 [ 632.2824  ]
 [ 633.0627  ]
 [ 633.85114 ]
 [ 634.5986  ]
 [ 635.3464  ]
 [ 636.0939  ]
 [ 636.86426 ]
 [ 637.61194 ]
 [ 638.3594  ]
 [ 639.1071  ]
 [ 639.87744 ]
 [ 640.6251  ]
 [ 641.3948  ]
 [ 642.1381  ]
 [ 642.78546 ]
 [ 643.46454 ]
 [ 644.167   ]
 [ 644.9166  ]
 [ 645.64233 ]
 [ 646.3685  ]
 [ 647.118   ]
 [ 647.84406 ]
 [ 648.5638  ]
 [ 649.23193 ]
 [ 649.89996 ]
 [ 650.5926  ]
 [ 651.2586  ]
 [ 651.91644 ]
 [ 652.59863 ]
 [ 653.25653 ]
 [ 653.91394 ]
 [ 654.5717  ]
 [  64.86055 ]
 [  64.94826 ]
 [  65.025826]
 [  65.09827 ]
 [  65.17575 ]
 [  65.24821 ]
 [  65.325714]
 [  65.39815 ]
 [   0.      ]
 [  14.68903 ]
 [ 358.362   ]
 [ 360.90054 ]
 [ 363.89905 ]
 [  29.206034]
 [ 459.95804 ]
 [ 474.39197 ]
 [  21.041315]
 [ 465.7701  ]
 [ 483.36505 ]
 [ 460.87256 ]
 [ 447.80212 ]
 [ 625.99243 ]
 [ 662.5157  ]
 [  43.80348 ]
 [ 621.4201  ]
 [ 611.43146 ]
 [ 645.0755  ]
 [ 663.41766 ]
 [ 683.65375 ]]"
2022-03-12,2022-03-19,268,22,288,612,47.05882352941176,43.790849673202615,8.208955223880597,53.93258426966292,-1.0409388068535614,332.0369796837799,246.56129792374043,246.5613250732422,110248.5625,20,"[[2.12737579e+02]
 [5.29909851e+02]
 [3.75502838e+02]
 [2.02594025e+02]
 [1.38303787e+02]
 [1.43629623e+02]
 [3.75390594e+02]
 [1.55635803e+02]
 [1.57790955e+02]
 [8.54669266e+01]
 [8.84799118e+01]
 [9.57495804e+01]
 [7.72027512e+01]
 [8.31851807e+01]
 [4.17672005e+01]
 [5.04063339e+01]
 [4.65823883e+02]
 [8.19505768e+01]
 [6.78972778e+01]
 [3.61577728e+02]
 [1.44691589e+02]
 [1.61658920e+02]
 [1.61956543e+02]
 [1.62254181e+02]
 [2.17980682e+02]
 [1.67466293e+02]
 [2.18685791e+02]
 [2.19172852e+02]
 [1.84433167e+02]
 [1.85297211e+02]
 [1.85549988e+02]
 [1.85874634e+02]
 [1.86019440e+02]
 [1.86631836e+02]
 [1.86776657e+02]
 [1.86921509e+02]
 [5.94567078e+02]
 [2.19868744e+02]
 [2.48428680e+02]
 [2.48610687e+02]
 [2.48754578e+02]
 [2.48936554e+02]
 [2.49080444e+02]
 [2.49262497e+02]
 [2.49406403e+02]
 [2.49588348e+02]
 [2.49732224e+02]
 [2.49914276e+02]
 [2.50058136e+02]
 [2.50240128e+02]
 [2.50422150e+02]
 [2.50566040e+02]
 [2.50748016e+02]
 [2.50891907e+02]
 [2.51073914e+02]
 [2.51217773e+02]
 [2.51399826e+02]
 [2.51543732e+02]
 [2.51725708e+02]
 [1.95304703e+02]
 [1.55472000e+02]
 [1.36263458e+02]
 [1.28009216e+02]
 [1.23590782e+02]
 [1.23710503e+02]
 [1.22340172e+02]
 [1.23174957e+02]
 [1.23130524e+02]
 [1.26006729e+02]
 [1.30808136e+02]
 [1.41923508e+02]
 [1.64640076e+02]
 [1.30503392e+00]
 [1.52699828e-01]
 [8.48470852e-02]
 [7.57965073e-02]
 [7.02748820e-02]
 [6.83676526e-02]
 [6.64162263e-02]
 [6.77066371e-02]
 [6.78249523e-02]
 [7.22201094e-02]
 [7.77158961e-02]
 [8.98701474e-02]
 [1.71636432e-01]
 [4.94448328e+00]
 [1.93141296e+02]
 [1.21419670e+02]
 [1.98695404e+02]
 [1.57044769e+02]
 [1.11360733e+02]
 [1.26721161e+02]
 [1.37754257e+02]
 [7.36587601e+01]
 [4.76627731e+01]
 [3.36598015e+01]
 [2.70345592e+01]
 [2.49855251e+01]
 [2.40035419e+01]
 [2.45972462e+01]
 [2.46034565e+01]
 [2.67045078e+01]
 [3.03763580e+01]
 [3.89975014e+01]
 [5.70828285e+01]
 [4.66483383e+01]
 [1.86811962e+01]
 [2.74848247e+00]
 [3.47135406e+02]
 [1.28113687e-01]
 [4.01808321e-01]
 [3.49729523e+02]
 [4.19542909e-01]
 [4.13998993e+02]
 [1.01801984e-01]
 [9.46845338e-02]
 [3.74441414e+01]
 [3.75937805e+01]
 [3.77126923e+01]
 [3.78623314e+01]
 [3.79812469e+01]
 [7.29877930e+02]
 [6.26932983e+02]
 [6.28398682e+02]
 [6.29903809e+02]
 [6.31408936e+02]
 [6.32874634e+02]
 [6.34379883e+02]
 [6.35885010e+02]
 [6.37350647e+02]
 [2.55504730e+02]
 [2.35706451e+02]
 [6.21434174e+01]
 [5.92918320e+01]
 [1.48432035e+01]
 [1.95183778e+00]
 [1.26541698e+00]
 [4.72713165e+02]
 [6.87153870e+02]
 [6.87823669e+02]
 [3.92567596e+02]
 [1.48427628e+02]
 [1.67311035e+02]
 [1.76490295e+02]
 [1.80721497e+02]
 [1.76740891e+02]
 [7.77057743e+00]
 [5.55554237e+01]
 [1.25458032e-01]
 [1.28708988e-01]
 [1.09052916e+01]
 [3.00246805e-01]
 [1.31784393e+02]
 [1.09373894e+02]
 [1.09509460e+02]
 [2.65056061e+02]
 [2.18997864e+02]
 [7.63240967e+02]
 [3.03861176e+02]
 [2.68401123e+02]
 [2.85300079e+02]
 [2.91370422e+02]
 [2.35124573e+02]
 [2.35422165e+02]
 [2.35758667e+02]
 [6.64443817e+01]
 [9.74244976e+00]
 [1.24938507e+02]
 [1.03554115e+02]
 [1.24695625e+02]
 [1.35442200e+01]
 [5.99777161e+02]
 [1.90956619e+02]
 [2.67095459e+02]
 [2.73492432e+02]
 [2.65525696e+02]
 [3.75350433e+02]
 [3.93962433e+02]
 [4.14441620e+02]
 [3.95419189e+02]
 [5.04139984e+02]
 [2.92477661e+02]
 [3.40670990e+02]
 [3.02654266e+02]
 [2.03374985e+02]
 [2.01425964e+02]
 [3.23835693e+02]
 [4.18588684e+02]
 [2.62167938e+02]
 [3.09822113e+02]
 [3.09954071e+02]
 [3.09860474e+02]
 [3.09992462e+02]
 [2.18719604e+02]
 [2.93152435e+02]
 [2.93152435e+02]
 [1.78829681e+02]
 [1.78960617e+02]
 [1.79129654e+02]
 [1.79260559e+02]
 [1.79429657e+02]
 [1.79560577e+02]
 [1.79729645e+02]
 [1.79860565e+02]
 [1.78982224e+02]
 [1.79113159e+02]
 [1.13156036e+02]
 [1.13297157e+02]
 [1.13477417e+02]
 [3.72595367e+02]
 [1.58772934e+02]
 [3.45472443e+02]
 [3.45472443e+02]
 [3.46828583e+02]
 [3.47081238e+02]
 [3.47375427e+02]
 [3.47711029e+02]
 [3.12753815e+02]
 [3.13044037e+02]
 [3.13292419e+02]
 [3.13582611e+02]
 [3.13831024e+02]
 [3.14121246e+02]
 [5.02373718e+02]
 [1.61652344e+02]
 [4.51535431e+02]
 [4.01829926e+02]
 [3.72366608e+02]
 [3.00514709e+02]
 [2.03982864e+02]
 [1.69830597e+02]
 [1.47953613e+02]
 [5.92788506e+01]
 [2.20546875e+02]
 [2.34887451e+02]
 [1.42038524e-01]
 [3.40705414e+02]
 [2.93086975e+02]
 [2.78674408e+02]
 [2.80109039e+02]
 [2.81543793e+02]
 [2.82940094e+02]
 [2.84374756e+02]
 [2.85771088e+02]
 [2.87205780e+02]
 [7.18711395e+01]
 [2.17255768e+02]
 [2.17486282e+02]
 [2.17716797e+02]
 [2.17917786e+02]
 [2.18177780e+02]
 [2.18378815e+02]
 [2.18609314e+02]
 [2.18898849e+02]
 [2.19099854e+02]
 [2.19330383e+02]
 [4.21489410e+02]
 [4.38262085e+02]
 [4.55916718e+02]
 [3.03716888e+02]
 [9.55121136e+00]
 [7.86957092e+01]
 [2.27880035e+02]
 [2.03507263e+02]
 [4.70531158e+02]
 [4.70761871e+02]
 [4.71033783e+02]
 [4.71264526e+02]
 [4.71536346e+02]
 [4.71767059e+02]
 [4.72038910e+02]
 [4.72310760e+02]
 [4.72582611e+02]
 [4.72813416e+02]
 [4.73085236e+02]
 [4.73315979e+02]
 [4.73587738e+02]
 [4.73818512e+02]
 [4.74090393e+02]
 [4.74321167e+02]
 [4.74592987e+02]
 [4.74864777e+02]
 [4.75095581e+02]
 [4.75367371e+02]
 [4.75598114e+02]
 [4.75870026e+02]
 [4.76100739e+02]
 [4.76372589e+02]
 [4.32230988e+02]
 [7.62130615e+02]
 [7.75097839e+02]
 [6.96303528e+02]
 [7.44430298e+02]
 [7.44697937e+02]
 [9.37618042e+02]
 [9.38732849e+02]
 [9.43444153e+02]
 [7.03860840e+02]
 [3.51579010e+02]
 [3.05086212e+02]
 [6.88996399e+02]
 [3.05561005e+02]
 [2.85157501e+02]
 [1.47936920e+02]
 [5.97420349e+02]
 [1.49074951e+02]
 [5.90406513e+00]
 [6.10649681e+00]
 [4.50337891e+02]
 [6.60990051e+02]
 [1.41904190e+02]
 [3.34714630e+02]
 [3.35124115e+02]
 [3.35862946e+02]
 [3.36568848e+02]
 [3.37274811e+02]
 [3.37651337e+02]
 [3.38258392e+02]
 [3.39425446e+02]
 [3.39933716e+02]
 [3.40837250e+02]
 [3.41674927e+02]
 [3.42611389e+02]
 [3.43185577e+02]
 [3.43627930e+02]
 [2.17631516e+02]
 [2.18347565e+02]
 [2.19126572e+02]
 [2.19653915e+02]
 [1.68470367e+02]
 [1.69134125e+02]
 [1.69876221e+02]
 [1.70383270e+02]
 [1.60123444e+02]
 [1.60687088e+02]
 [8.72273743e+02]
 [8.72746826e+02]
 [8.73127686e+02]
 [8.73554626e+02]
 [8.73981628e+02]
 [8.74408691e+02]
 [8.74927917e+02]
 [8.75447083e+02]
 [8.76012390e+02]
 [8.76393188e+02]
 [8.76820251e+02]
 [8.77247192e+02]
 [8.77674194e+02]
 [8.78101196e+02]
 [8.78481934e+02]
 [8.78908997e+02]
 [8.79335938e+02]
 [8.79716797e+02]
 [8.80143799e+02]
 [8.80570740e+02]
 [8.80997681e+02]
 [8.81378540e+02]
 [8.81805542e+02]
 [8.82232483e+02]
 [8.82659546e+02]
 [8.83086548e+02]
 [8.83467407e+02]
 [8.83894287e+02]
 [8.84321289e+02]
 [8.84748169e+02]
 [5.95653320e+02]
 [1.67744965e+02]
 [9.18694611e+01]
 [1.70150452e+02]
 [1.88464233e+02]
 [1.44525269e+02]
 [1.44947083e+02]
 [1.45429230e+02]
 [2.19538895e+02]
 [2.20254761e+02]
 [1.81667374e+02]
 [1.82326584e+02]
 [1.82509003e+02]
 [1.48892670e+02]
 [1.46160126e+02]
 [1.49510208e+02]
 [8.87196960e+01]
 [8.90553970e+01]
 [8.88189545e+01]
 [8.93279266e+01]
 [8.97798996e+01]
 [9.01463318e+01]
 [9.05698090e+01]
 [9.11073456e+01]
 [9.15308075e+01]
 [9.19257584e+01]
 [9.23206863e+01]
 [9.28012009e+01]
 [9.33102112e+01]
 [9.37621689e+01]
 [9.41856537e+01]
 [9.47802048e+01]
 [9.50895844e+01]
 [7.46916046e+01]
 [3.89274445e+02]
 [1.02690857e+02]
 [3.90389648e+02]
 [1.04658737e+02]
 [1.04945564e+02]
 [1.05376747e+02]
 [1.05750244e+02]
 [1.06239166e+02]
 [1.06699280e+02]
 [1.07310112e+02]
 [1.07688477e+02]
 [1.08037560e+02]
 [1.08796646e+02]
 [1.09467850e+02]
 [1.09934044e+02]
 [1.05820374e+02]
 [1.06198723e+02]
 [1.06489243e+02]
 [1.06926186e+02]
 [1.07333855e+02]
 [1.07770744e+02]
 [1.08236961e+02]
 [1.08527443e+02]
 [1.09052231e+02]
 [1.09430618e+02]
 [1.09838257e+02]
 [1.10333725e+02]
 [1.10624245e+02]
 [1.18055794e+02]
 [1.87114014e+02]
 [5.98096497e+02]
 [5.94057434e+02]
 [1.96946732e+02]
 [1.50542389e+02]
 [8.87522278e+01]
 [8.93070984e+01]
 [8.96466522e+01]
 [1.24781868e+02]
 [1.25263084e+02]
 [1.34959000e+02]
 [3.07006439e+02]
 [1.35821457e+02]
 [1.36233780e+02]
 [1.50048981e+02]
 [3.22815521e+02]
 [1.19464859e+02]
 [1.19839630e+02]
 [9.04400482e+01]
 [9.12414703e+01]
 [5.90818100e+01]
 [7.24941254e+01]
 [7.28018646e+01]
 [5.32717247e+01]
 [5.36683617e+01]
 [5.41187592e+01]
 [6.73266449e+01]
 [6.79329681e+01]
 [6.83451920e+01]
 [7.18226395e+01]
 [7.17554779e+01]
 [7.20349731e+01]
 [7.23144836e+01]
 [7.27071152e+01]
 [7.30150528e+01]
 [6.74841919e+01]
 [5.33935364e+02]
 [5.34370422e+02]
 [5.34763977e+02]
 [5.35199036e+02]
 [3.06175385e+02]
 [5.50525879e+02]
 [1.41628036e+02]
 [1.35641678e+02]
 [2.07279297e+02]
 [2.04953583e+02]
 [2.40406113e+02]
 [6.65490723e+02]
 [2.54679001e+02]
 [3.24427338e+02]
 [2.62564484e+02]
 [2.86839813e+02]
 [2.87183624e+02]
 [2.87488281e+02]
 [3.67811829e+02]
 [3.25035614e+02]
 [5.49516541e+02]
 [5.49737915e+02]
 [5.49998657e+02]
 [5.50298462e+02]
 [5.50559082e+02]
 [5.50819702e+02]
 [5.51080322e+02]
 [5.51380188e+02]
 [5.51680054e+02]
 [5.51940674e+02]
 [5.52240479e+02]
 [5.52501099e+02]
 [5.52761841e+02]
 [5.52983154e+02]
 [5.53283020e+02]
 [5.53582886e+02]
 [5.53843384e+02]
 [5.54064941e+02]
 [5.54325623e+02]
 [5.54546997e+02]
 [5.54807617e+02]
 [5.55107422e+02]
 [5.55328735e+02]
 [5.55628662e+02]
 [5.55889282e+02]
 [5.56149963e+02]
 [5.56410645e+02]
 [4.18460602e+02]
 [8.84269409e+02]
 [8.86251099e+02]
 [8.95788940e+02]
 [8.97648682e+02]
 [9.01918091e+02]
 [8.97087646e+02]
 [9.02906067e+02]
 [4.37969757e+02]
 [3.89591278e+02]
 [4.22379974e+02]
 [4.33683624e+02]
 [3.92651459e+02]
 [4.91356964e+02]
 [5.06016022e+02]
 [5.08376343e+02]
 [5.10854340e+02]
 [4.57308746e+02]
 [4.58922882e+02]
 [4.61322418e+02]
 [4.61996368e+02]
 [4.62434937e+02]
 [4.07477417e+02]
 [4.45991119e+02]
 [4.48076935e+02]
 [8.82646912e+02]
 [8.10777283e+02]
 [4.12779724e+02]
 [8.10363892e+02]
 [3.84599426e+02]
 [3.62580536e+02]
 [1.74388824e+02]
 [5.58680786e+02]
 [5.59006592e+02]
 [2.97266170e-02]
 [1.81472525e-02]
 [3.40035781e-02]
 [3.40468809e-02]
 [3.40914652e-02]
 [3.41360196e-02]
 [3.41860577e-02]
 [3.42283174e-02]
 [6.24857843e-04]
 [6.55107200e-04]
 [1.55893097e+02]
 [1.56185150e+02]
 [1.56477188e+02]
 [1.56781281e+02]
 [1.96140930e+02]
 [1.96512787e+02]
 [1.96847321e+02]
 [1.97181854e+02]
 [1.97516357e+02]
 [1.97850861e+02]
 [1.98185440e+02]
 [1.98482666e+02]
 [1.98817200e+02]
 [1.99151672e+02]
 [1.99486237e+02]
 [2.09427460e+02]
 [2.09737000e+02]
 [2.10084152e+02]
 [2.10431290e+02]
 [2.10778458e+02]
 [2.11125580e+02]
 [2.11472733e+02]
 [2.11819885e+02]
 [2.22426041e+02]
 [1.73334956e-01]
 [3.39002472e+02]
 [5.04753017e+00]
 [2.29058670e+02]
 [2.29393433e+02]
 [2.29728195e+02]
 [2.30063049e+02]
 [2.30399323e+02]
 [0.00000000e+00]
 [3.34430634e+02]
 [3.37295013e+02]
 [1.97919756e-01]
 [4.57232332e+00]
 [6.87846985e+01]
 [4.87190643e+02]
 [3.13458176e+01]
 [4.88144379e+02]
 [1.62245422e+02]
 [2.52371964e+02]
 [1.72367523e+02]
 [2.53759460e+02]
 [5.00754181e+02]
 [5.01169342e+02]
 [5.03236755e+02]
 [5.03573242e+02]
 [5.03949127e+02]
 [5.04285645e+02]
 [5.04661469e+02]
 [5.05037323e+02]
 [5.05373871e+02]
 [5.81867676e+01]
 [1.13736084e+02]
 [4.66312347e+02]]"
2022-03-13,2022-03-20,319,0,827,1146,72.16404886561955,27.835951134380455,0.0,72.16404886561955,-4.026850378087843,304.0160183458386,294.3376311057525,294.337646484375,92425.7265625,20,"[[233.16269]
 [233.31535]
 [233.44626]
 ...
 [407.23764]
 [422.19577]
 [419.05466]]"
2022-03-14,2022-03-21,683,343,181,1628,11.117936117936118,41.95331695331696,50.219619326500734,34.74088291746641,-0.03403897944797829,273.0032963303059,134.2938880627421,134.4760284423828,74558.6328125,20,"[[30.145376]
 [55.864258]
 [56.029907]
 ...
 [43.811913]
 [23.602678]
 [15.18384 ]]"
2022-03-15,2022-03-22,734,228,224,1276,17.55485893416928,57.52351097178683,31.062670299727518,30.684931506849317,0.005008791470961005,419.7591690807175,196.4131497514659,196.4131622314453,176197.75,20,"[[ 86.67422 ]
 [ 97.83163 ]
 [ 76.817986]
 ...
 [180.03017 ]
 [180.07819 ]
 [ 33.741734]]"
2022-03-16,2022-03-23,689,8,464,1260,36.82539682539683,54.68253968253968,1.1611030478955007,40.52401746724891,0.009169076121659514,276.31060728158457,140.25252353274632,140.2525177001953,76347.5546875,20,"[[520.15765]
 [113.77205]
 [109.42922]
 ...
 [200.5607 ]
 [200.66298]
 [200.74529]]"
2022-03-17,2022-03-24,890,0,527,1417,37.191249117854625,62.80875088214538,0.0,37.191249117854625,0.10018235754900295,254.2766168020327,211.85390088519497,211.85386657714844,64656.59765625,20,"[[275.51196]
 [281.28012]
 [272.54065]
 ...
 [484.83844]
 [487.7247 ]
 [487.83084]]"
2022-03-18,2022-03-25,848,233,116,1426,8.134642356241233,59.46704067321178,27.47641509433962,15.868673050615595,0.0856929178963145,201.1240702010243,115.0892661648579,115.08927154541016,40450.890625,20,"[[390.70883]
 [390.76843]
 [390.86087]
 ...
 [307.89963]
 [308.06732]
 [ 63.38196]]"
2022-03-19,2022-03-26,538,141,361,1424,25.35112359550562,37.78089887640449,26.20817843866171,47.62532981530343,0.01789665923384931,245.78471428365106,117.42321376033713,117.4239273071289,60410.13671875,20,"[[ 54.71766 ]
 [  0.      ]
 [ 19.458374]
 ...
 [350.5477  ]
 [414.44476 ]
 [330.1669  ]]"
2022-03-20,2022-03-27,306,128,206,1132,18.19787985865724,27.03180212014134,41.830065359477125,53.645833333333336,0.17052582415008222,140.85447935897486,88.7215670158185,88.73057556152344,19839.98828125,20,"[[144.07578 ]
 [146.18242 ]
 [118.199615]
 ...
 [ 13.180201]
 [ 19.517696]
 [ 29.947483]]"
2022-03-21,2022-03-28,710,26,622,1816,34.2511013215859,39.09691629955947,3.6619718309859155,47.626339969372125,0.22095352530719292,230.42852509183595,121.3402755759361,121.34026336669922,53097.30859375,20,"[[ 23.450312]
 [ 21.7749  ]
 [ 21.950201]
 ...
 [170.55809 ]
 [106.79257 ]
 [107.26045 ]]"
2022-03-22,2022-03-29,775,392,94,1502,6.25832223701731,51.597869507323566,50.58064516129033,19.70649895178197,-0.08269260271672896,216.5976154079059,126.154963116195,126.15495300292969,46914.5234375,20,"[[94.93345 ]
 [43.92939 ]
 [96.555786]
 ...
 [34.85199 ]
 [85.593994]
 [78.153885]]"
2022-03-23,2022-03-30,417,35,414,1452,28.512396694214875,28.719008264462808,8.393285371702639,52.01005025125628,0.030068837916596758,254.86762299168603,125.27819216793233,125.53536987304688,65001.7578125,20,"[[ 82.43062 ]
 [ 70.742096]
 [213.45348 ]
 ...
 [122.04994 ]
 [122.2883  ]
 [122.52675 ]]"
2022-03-24,2022-03-31,957,203,127,1971,6.443429731100964,48.55403348554033,21.21212121212121,14.415437003405222,0.23878582298715223,170.36243196930724,72.95506621994747,73.24735260009766,29048.015625,20,"[[190.41542 ]
 [ 24.98911 ]
 [ 39.447887]
 ...
 [ 69.16661 ]
 [ 56.944504]
 [246.55827 ]]"
