train_week,predict_day,ideally_sched,missed,wrongly_sched,total_num,%_wrongly_sched,%_ideally_sched,%_missed_opp.,t_wrong_sched_%,r2s,mse,mae,model_mae,model_mse,y_pred
2022-03-01,2022-03-08,691,0,661,1352,48.8905325443787,51.109467455621306,0.0,48.8905325443787,0.32498763101906636,171.68454041421614,133.0877159445949,133.08773803710938,29475.5859375,"[[560.94025]
 [162.25925]
 [536.27277]
 ...
 [134.03444]
 [214.77899]
 [143.05455]]"
2022-03-02,2022-03-09,953,16,2363,3437,68.75181844631946,27.727669479196976,1.6789087093389297,71.60606060606061,-0.4113757740888839,205.88863165335857,134.52054750846506,134.7750244140625,42425.859375,"[[302.40366 ]
 [227.34102 ]
 [241.25224 ]
 ...
 [ 91.070595]
 [657.92896 ]
 [145.49957 ]]"
2022-03-03,2022-03-10,905,819,132,3152,4.187817258883249,28.71192893401015,90.49723756906077,60.550458715596335,-0.5248471069931009,144.2998543960864,77.21722524632052,617.4705200195312,861150.6875,"[[376.65198]
 [  0.     ]
 [567.273  ]
 ...
 [  0.     ]
 [  0.     ]
 [  0.     ]]"
2022-03-04,2022-03-11,899,0,2055,2954,69.56668923493568,30.43331076506432,0.0,69.56668923493568,-0.18799703218804797,264.9486222600211,206.2448487123607,206.24484252929688,70197.78125,"[[240.34589]
 [249.68001]
 [253.25743]
 ...
 [337.28674]
 [343.87595]
 [310.5543 ]]"
2022-03-05,2022-03-12,461,27,230,1043,22.051773729626078,44.19942473633749,5.856832971800434,34.63855421686747,-0.5631106298839486,239.7846832685603,150.3164093862444,150.31639099121094,57496.69140625,"[[ 57.320564]
 [ 58.234627]
 [633.83655 ]
 ...
 [894.20874 ]
 [ 80.25494 ]
 [ 94.59078 ]]"
2022-03-06,2022-03-13,401,88,168,678,24.778761061946902,59.14454277286135,21.94513715710723,34.92723492723493,0.19737865799409748,200.209138057625,148.49259960827223,152.07257080078125,40324.08984375,"[[4.21170807e+02]
 [5.32569790e+00]
 [5.13373169e+02]
 [5.15168945e+02]
 [5.18792603e+02]
 [5.20213806e+02]
 [4.33856232e+02]
 [5.22455627e+02]
 [5.30811829e+02]
 [5.32420288e+02]
 [5.34029175e+02]
 [5.35918762e+02]
 [0.00000000e+00]
 [5.37789001e+02]
 [3.71455288e+00]
 [4.98949432e+02]
 [5.00759583e+02]
 [5.02493744e+02]
 [3.82534409e+01]
 [1.78527832e+01]
 [2.81373482e+01]
 [2.87102623e+01]
 [2.92959633e+01]
 [2.98408890e+01]
 [3.03859138e+01]
 [3.09374390e+01]
 [3.14800644e+01]
 [3.20292397e+01]
 [3.27270317e+01]
 [3.33868484e+01]
 [3.39485397e+01]
 [3.44942245e+01]
 [3.51191063e+01]
 [3.56983299e+01]
 [3.61477936e+02]
 [3.64533966e+02]
 [3.72809563e+01]
 [3.78229256e+01]
 [3.67465302e+02]
 [3.88260117e+01]
 [3.93640480e+01]
 [3.99057846e+01]
 [3.72013702e+02]
 [4.09091263e+01]
 [3.74591949e+02]
 [3.76783386e+02]
 [4.20917931e+01]
 [3.78878479e+02]
 [3.81069855e+02]
 [3.19110718e+01]
 [4.28962372e+02]
 [5.38033447e+02]
 [3.21623764e+01]
 [3.72056763e+02]
 [3.73162628e+02]
 [5.39714417e+02]
 [1.90209351e+01]
 [0.00000000e+00]
 [3.07881073e+02]
 [4.65021271e+02]
 [4.68414551e+02]
 [4.70480438e+02]
 [4.75579285e+02]
 [4.77455658e+02]
 [3.64305206e+02]
 [1.35046555e+02]
 [1.35756104e+02]
 [1.36465027e+02]
 [1.37310730e+02]
 [1.38165680e+02]
 [1.39020935e+02]
 [9.96815777e+00]
 [3.27757446e+02]
 [4.60484894e+02]
 [4.60276672e+02]
 [4.64255341e+02]
 [3.70157867e+02]
 [6.19772530e+01]
 [6.25522385e+01]
 [0.00000000e+00]
 [0.00000000e+00]
 [7.47908688e+00]
 [7.96302319e+00]
 [8.44801235e+00]
 [0.00000000e+00]
 [0.00000000e+00]
 [0.00000000e+00]
 [0.00000000e+00]
 [0.00000000e+00]
 [0.00000000e+00]
 [0.00000000e+00]
 [0.00000000e+00]
 [0.00000000e+00]
 [0.00000000e+00]
 [0.00000000e+00]
 [0.00000000e+00]
 [0.00000000e+00]
 [0.00000000e+00]
 [0.00000000e+00]
 [0.00000000e+00]
 [0.00000000e+00]
 [0.00000000e+00]
 [0.00000000e+00]
 [0.00000000e+00]
 [0.00000000e+00]
 [0.00000000e+00]
 [0.00000000e+00]
 [0.00000000e+00]
 [0.00000000e+00]
 [0.00000000e+00]
 [0.00000000e+00]
 [0.00000000e+00]
 [0.00000000e+00]
 [0.00000000e+00]
 [0.00000000e+00]
 [0.00000000e+00]
 [1.19161606e-02]
 [4.98572350e-01]
 [9.85442162e-01]
 [1.47223949e+00]
 [0.00000000e+00]
 [2.44461346e+00]
 [2.93134212e+00]
 [3.41765881e+00]
 [3.90415478e+00]
 [1.57660055e+01]
 [1.62536049e+01]
 [1.67389832e+01]
 [0.00000000e+00]
 [0.00000000e+00]
 [0.00000000e+00]
 [3.10529388e+02]
 [3.06117950e+02]
 [3.06736786e+02]
 [3.07291229e+02]
 [3.07877441e+02]
 [3.08463806e+02]
 [3.09018402e+02]
 [3.09604980e+02]
 [3.10191132e+02]
 [3.10746002e+02]
 [3.11332611e+02]
 [3.11918762e+02]
 [3.12473358e+02]
 [3.13059692e+02]
 [3.13646484e+02]
 [3.14233063e+02]
 [3.14787354e+02]
 [3.15373810e+02]
 [3.15960449e+02]
 [3.16514862e+02]
 [3.17101227e+02]
 [3.17687653e+02]
 [3.18274323e+02]
 [3.35716095e+02]
 [3.39610199e+02]
 [5.11114540e+01]
 [3.96581299e+02]
 [4.00867462e+02]
 [7.03104019e+01]
 [7.08256454e+01]
 [7.13381424e+01]
 [7.18535080e+01]
 [4.10659241e+02]
 [4.13900238e+02]
 [0.00000000e+00]
 [0.00000000e+00]
 [5.82188702e+00]
 [4.57815216e+02]
 [0.00000000e+00]
 [4.68219238e+02]
 [4.75919617e+02]
 [3.66556091e+02]
 [4.00804688e+02]
 [0.00000000e+00]
 [0.00000000e+00]
 [3.59513153e+02]
 [3.63878998e+02]
 [3.73089447e+02]
 [4.07071930e+02]
 [3.87126984e+02]
 [5.15940308e+02]
 [9.93570614e+00]
 [1.04449682e+01]
 [5.19372314e+02]
 [1.13709860e+01]
 [4.51167389e+02]
 [3.67905334e+02]
 [0.00000000e+00]
 [4.00316681e+02]
 [0.00000000e+00]
 [3.75412079e+02]
 [3.80091583e+02]
 [3.46097626e+02]
 [3.52648163e+02]
 [3.55979767e+02]
 [4.79625610e+02]
 [2.70270615e+01]
 [0.00000000e+00]
 [0.00000000e+00]
 [0.00000000e+00]
 [4.52959015e+02]
 [4.67292236e+02]
 [4.68114532e+02]
 [4.68748169e+02]
 [4.69382172e+02]
 [4.56376915e+01]
 [4.61490211e+01]
 [4.66574554e+01]
 [4.02404907e+02]
 [4.03323517e+02]
 [4.05465729e+02]
 [5.70692566e+02]
 [4.47158478e+02]
 [9.87823669e+02]
 [7.70138474e+01]
 [6.84496689e+01]
 [4.55571365e+01]
 [7.74816360e+01]
 [6.27286499e+02]
 [4.22482872e+01]
 [5.15583557e+02]
 [1.75763702e+01]
 [3.43388916e+02]
 [3.44106415e+02]
 [3.44772064e+02]
 [3.45490204e+02]
 [3.80820045e+01]
 [0.00000000e+00]
 [2.14050568e+02]
 [4.63627625e+02]
 [1.01214819e+01]
 [3.36342560e+02]
 [0.00000000e+00]
 [0.00000000e+00]
 [0.00000000e+00]
 [0.00000000e+00]
 [0.00000000e+00]
 [1.91140442e+02]
 [0.00000000e+00]
 [0.00000000e+00]
 [0.00000000e+00]
 [0.00000000e+00]
 [0.00000000e+00]
 [0.00000000e+00]
 [0.00000000e+00]
 [0.00000000e+00]
 [0.00000000e+00]
 [0.00000000e+00]
 [0.00000000e+00]
 [0.00000000e+00]
 [0.00000000e+00]
 [0.00000000e+00]
 [0.00000000e+00]
 [2.53865936e+02]
 [1.23545525e+02]
 [0.00000000e+00]
 [0.00000000e+00]
 [0.00000000e+00]
 [0.00000000e+00]
 [9.69000702e+01]
 [9.77379837e+01]
 [9.86281204e+01]
 [9.96233521e+01]
 [1.00723717e+02]
 [1.02769821e+02]
 [1.03712204e+02]
 [1.04550049e+02]
 [1.05334961e+02]
 [1.06277916e+02]
 [2.95781006e+02]
 [2.96866974e+02]
 [1.15084366e+02]
 [1.15726051e+02]
 [1.16357048e+02]
 [1.16982857e+02]
 [1.17761360e+02]
 [1.18536308e+02]
 [1.19311073e+02]
 [1.20094460e+02]
 [1.20869431e+02]
 [1.21652443e+02]
 [1.22427162e+02]
 [1.23202141e+02]
 [1.23984886e+02]
 [1.24759743e+02]
 [1.25534569e+02]
 [1.26317841e+02]
 [1.27092812e+02]
 [1.27876060e+02]
 [1.28679214e+02]
 [1.29686935e+02]
 [1.30700058e+02]
 [1.31708755e+02]
 [1.32717316e+02]
 [1.33730682e+02]
 [1.34739151e+02]
 [1.35747910e+02]
 [1.36761032e+02]
 [1.37769684e+02]
 [1.38770996e+02]
 [1.39760696e+02]
 [1.40750793e+02]
 [1.41747009e+02]
 [1.42736710e+02]
 [1.43733673e+02]
 [1.44723541e+02]
 [1.45713242e+02]
 [1.46703339e+02]
 [1.47683823e+02]
 [1.48664185e+02]
 [1.49652863e+02]
 [1.91205017e+02]
 [1.92186584e+02]
 [1.93211884e+02]
 [1.94193665e+02]
 [1.95218948e+02]
 [1.96200745e+02]
 [1.97485199e+02]
 [1.98467117e+02]
 [1.99708603e+02]
 [4.55770477e+02]
 [2.00690369e+02]
 [2.91549988e+02]
 [2.92668610e+02]
 [2.94056641e+02]
 [2.94484619e+02]
 [2.95468597e+02]
 [2.96497345e+02]
 [2.97661041e+02]
 [2.98644806e+02]
 [2.99628387e+02]
 [3.00567902e+02]
 [3.01551849e+02]
 [3.02490692e+02]
 [3.03519196e+02]
 [3.04548431e+02]
 [3.05487549e+02]
 [3.06426025e+02]
 [3.07455322e+02]
 [3.08439423e+02]
 [3.09378021e+02]
 [3.10496826e+02]
 [3.11480499e+02]
 [3.12464844e+02]
 [3.13448578e+02]
 [3.14388092e+02]
 [3.15595856e+02]
 [3.16624817e+02]
 [3.17653656e+02]
 [3.18682953e+02]
 [3.19666534e+02]
 [3.20695404e+02]
 [4.95613800e+02]
 [4.55581696e+02]
 [9.68150558e+01]
 [9.70223007e+01]
 [7.02883667e+02]
 [4.29302216e+02]
 [4.24825836e+02]
 [4.61880096e+02]
 [5.14325333e+01]
 [6.32434006e+01]
 [1.98752365e+02]
 [6.23476639e+01]
 [6.23587570e+01]
 [6.11158524e+01]
 [6.23735733e+01]
 [6.23772049e+01]
 [6.23845749e+01]
 [6.23882217e+01]
 [6.23955154e+01]
 [6.23991776e+01]
 [6.24064865e+01]
 [6.24101486e+01]
 [6.24174576e+01]
 [6.24210892e+01]
 [6.24284134e+01]
 [6.24357071e+01]
 [6.24431076e+01]
 [6.24466782e+01]
 [6.24540482e+01]
 [6.24761734e+01]
 [6.24534836e+01]
 [6.24096756e+01]
 [6.23695145e+01]
 [6.23256760e+01]
 [6.22818832e+01]
 [6.22417068e+01]
 [6.22016220e+01]
 [6.21546860e+01]
 [6.21023331e+01]
 [6.20461960e+01]
 [6.19936295e+01]
 [6.19331894e+01]
 [6.18769302e+01]
 [6.18164597e+01]
 [6.17559891e+01]
 [6.16997452e+01]
 [6.16393051e+01]
 [6.15830307e+01]
 [6.15225601e+01]
 [6.14663315e+01]
 [6.14100571e+01]
 [6.13496475e+01]
 [0.00000000e+00]
 [9.84361343e+01]
 [3.36014496e+02]
 [0.00000000e+00]
 [0.00000000e+00]
 [1.04891396e+02]
 [1.14660835e+02]
 [9.16754837e+01]
 [0.00000000e+00]
 [4.57700775e+02]
 [4.58632233e+02]
 [4.59443665e+02]
 [4.60913910e+02]
 [4.61904663e+02]
 [4.63015656e+02]
 [4.64006714e+02]
 [6.11541367e+01]
 [4.62841873e+01]
 [0.00000000e+00]
 [1.28249115e+02]
 [2.31413040e+01]
 [7.72471390e+01]
 [7.91524124e+01]
 [8.21562881e+01]
 [0.00000000e+00]
 [0.00000000e+00]
 [0.00000000e+00]
 [2.10008820e+02]
 [2.11153168e+02]
 [2.13052887e+02]
 [2.14133942e+02]
 [0.00000000e+00]
 [0.00000000e+00]
 [1.51248718e+02]
 [0.00000000e+00]
 [2.33609695e+01]
 [0.00000000e+00]
 [0.00000000e+00]
 [0.00000000e+00]
 [0.00000000e+00]
 [0.00000000e+00]
 [0.00000000e+00]
 [7.51840286e+01]
 [9.64919510e+01]
 [5.11169662e+01]
 [0.00000000e+00]
 [2.75455780e+02]
 [3.88025940e+02]
 [3.90483582e+02]
 [3.92238159e+02]
 [1.94134003e+02]
 [0.00000000e+00]
 [0.00000000e+00]
 [3.23066467e+02]
 [3.25534271e+02]
 [3.38916656e+02]
 [3.42387909e+02]
 [6.60402908e+01]
 [3.20218384e+02]
 [6.44797745e+01]
 [6.70069962e+01]
 [6.55052261e+01]
 [5.07013626e+01]
 [3.00524109e+02]
 [3.01507385e+02]
 [3.02492340e+02]
 [3.03299652e+02]
 [3.04695892e+02]
 [3.05562103e+02]
 [3.06428436e+02]
 [3.07589508e+02]
 [3.08868195e+02]
 [3.09852539e+02]
 [0.00000000e+00]
 [3.11186981e+02]
 [3.12347931e+02]
 [9.07603378e+01]
 [2.66130280e+02]
 [2.68635529e+02]
 [2.71080322e+02]
 [2.75501068e+02]
 [2.78005920e+02]
 [2.80511169e+02]
 [2.82956085e+02]
 [0.00000000e+00]
 [1.03512062e+02]
 [3.43842850e+01]
 [1.00485601e+01]
 [1.06737356e+01]
 [1.12561789e+01]
 [1.18815908e+01]
 [1.24524603e+01]
 [1.32760229e+01]
 [1.39246740e+01]
 [1.45729666e+01]
 [1.51337347e+01]
 [1.57383108e+01]
 [1.63428497e+01]
 [1.69038010e+01]
 [1.75522995e+01]
 [1.81131668e+01]
 [1.87094040e+01]
 [1.92938004e+01]
 [1.98334961e+01]
 [2.04180908e+01]
 [2.10026779e+01]
 [2.16316376e+01]
 [2.21713181e+01]
 [0.00000000e+00]
 [0.00000000e+00]
 [2.42313721e+02]
 [0.00000000e+00]
 [1.80127533e+02]
 [2.12466522e+02]
 [2.28774750e+02]
 [2.42843628e+02]
 [2.31508850e+02]
 [8.68005859e+02]
 [7.26165710e+02]
 [8.97238770e+02]
 [8.54945068e+02]
 [8.55786499e+02]
 [8.56876709e+02]
 [8.57442627e+02]
 [8.58064819e+02]
 [8.58576782e+02]
 [8.59253357e+02]
 [8.59792908e+02]
 [8.61239868e+02]
 [8.61861816e+02]
 [8.62511108e+02]
 [8.63077759e+02]
 [8.63947266e+02]
 [8.64706116e+02]
 [8.65383057e+02]
 [8.65867432e+02]
 [8.66406433e+02]
 [8.67056213e+02]
 [8.67650024e+02]
 [8.68327026e+02]
 [8.69003540e+02]
 [8.99395218e+01]
 [8.70651001e+02]
 [3.18386719e+02]
 [3.19226807e+02]
 [3.19929047e+02]
 [3.37666229e+02]
 [3.38479767e+02]
 [6.52174454e+01]
 [6.53307877e+01]
 [6.54402847e+01]
 [2.31841003e+02]
 [3.08062469e+02]
 [3.12516479e+02]
 [3.16165680e+02]
 [3.09314957e+01]
 [3.31034637e+02]
 [3.48031616e+02]
 [3.52192200e+02]
 [0.00000000e+00]
 [0.00000000e+00]
 [0.00000000e+00]
 [2.33668503e+02]
 [3.82819214e+02]
 [4.21239868e+02]
 [4.28188019e+02]
 [3.07474457e+02]
 [2.63973267e+02]
 [2.64855316e+02]
 [2.65738129e+02]
 [2.66606903e+02]
 [2.67468597e+02]
 [2.68337189e+02]
 [2.69205872e+02]
 [2.70067291e+02]
 [2.70935852e+02]
 [2.71804413e+02]
 [2.72665955e+02]
 [2.73534454e+02]
 [2.74403290e+02]
 [2.75250244e+02]
 [2.76099213e+02]
 [2.76947662e+02]
 [2.77784851e+02]
 [2.78630676e+02]
 [2.79475861e+02]
 [2.80313019e+02]
 [2.81158844e+02]
 [2.82004120e+02]
 [2.82841095e+02]
 [2.83686981e+02]
 [2.84532135e+02]
 [2.85369080e+02]
 [2.86214783e+02]
 [2.87060333e+02]
 [2.87896759e+02]
 [2.88742737e+02]
 [2.89588531e+02]
 [2.90435059e+02]
 [2.91285736e+02]
 [2.92126892e+02]
 [2.92962982e+02]
 [2.93798645e+02]
 [2.94624207e+02]
 [2.95460052e+02]
 [2.96295624e+02]
 [2.97121307e+02]
 [2.97956635e+02]
 [2.98792938e+02]
 [2.99628265e+02]
 [3.00453735e+02]
 [3.01289825e+02]
 [3.02125702e+02]
 [3.02971222e+02]
 [3.03827637e+02]
 [3.04704803e+02]
 [3.05540283e+02]
 [4.94955872e+02]
 [4.29634552e+02]
 [8.66554546e+00]
 [6.72745285e+01]
 [3.86189667e+02]
 [3.86952118e+02]
 [3.87746735e+02]
 [3.88574738e+02]
 [3.89401733e+02]
 [3.90229462e+02]
 [3.91057007e+02]
 [3.91389221e+02]
 [3.94273224e+02]
 [7.76995659e-01]
 [2.66762421e+02]
 [6.72261887e+01]
 [6.15286827e-01]
 [3.15256744e+02]
 [6.62869568e+02]
 [5.60459167e+02]
 [4.53428131e+02]
 [4.54680389e+02]
 [4.56258270e+02]
 [4.57216187e+02]
 [4.60655609e+02]
 [4.62168701e+02]
 [4.63453827e+02]
 [6.14971619e+02]
 [5.32681046e+01]
 [5.19072876e+02]
 [5.30391357e+02]
 [1.28121710e+01]
 [0.00000000e+00]
 [2.26769447e+01]
 [4.23335419e+02]
 [4.25489655e+02]
 [4.11140839e+02]
 [4.11673187e+02]
 [4.12238434e+02]
 [4.12803864e+02]
 [4.13368744e+02]
 [4.13933868e+02]
 [4.14532166e+02]
 [4.15129913e+02]
 [4.15694641e+02]
 [4.16292633e+02]
 [4.16824982e+02]
 [4.18892059e+02]
 [4.19587799e+02]
 [4.20218414e+02]
 [4.20815887e+02]
 [4.21511688e+02]
 [1.00141022e+03]
 [4.46371063e+02]
 [0.00000000e+00]
 [4.28262787e+02]]"
2022-03-07,2022-03-14,727,122,41,1471,2.7872195785180147,49.42216179469748,16.781292984869324,6.3467492260061915,0.0916744427031827,752.6103979675362,144.90469157979408,149.59576416015625,566873.6875,"[[447.4882 ]
 [448.80936]
 [449.3699 ]
 ...
 [490.74747]
 [223.0287 ]
 [375.55148]]"
2022-03-08,2022-03-15,768,147,65,1533,4.240052185257665,50.09784735812133,19.140625,9.475218658892128,0.02769706509651404,1793.6186455263896,267.3122320593531,278.41339111328125,3218116.75,"[[447.10297  ]
 [  2.2873235]
 [244.70816  ]
 ...
 [733.5778   ]
 [767.3294   ]
 [ 49.349205 ]]"
2022-03-09,2022-03-16,693,0,331,1047,31.614135625596944,66.189111747851,0.0,32.32421875,0.4952935635174974,340.2991674015772,268.82993773539636,268.82989501953125,115803.5234375,"[[1112.386  ]
 [ 840.9629 ]
 [1138.5286 ]
 ...
 [ 375.47513]
 [ 231.09196]
 [1182.4637 ]]"
2022-03-10,2022-03-17,529,0,248,777,31.917631917631915,68.08236808236808,0.0,31.917631917631915,-1.6067470983464358,693.1508877031359,565.2430176606049,565.2429809570312,480458.125,"[[ 475.3754 ]
 [1091.4651 ]
 [ 334.88275]
 [1242.3888 ]
 [1214.8827 ]
 [ 279.57407]
 [1115.7489 ]
 [1117.0808 ]
 [1118.3165 ]
 [1950.3419 ]
 [1120.4773 ]
 [ 668.61945]
 [ 783.0964 ]
 [ 276.49008]
 [ 299.97592]
 [ 259.5432 ]
 [ 295.52594]
 [ 567.6683 ]
 [1888.991  ]
 [ 835.4119 ]
 [ 836.57385]
 [ 385.43423]
 [2108.9248 ]
 [ 302.70795]
 [ 699.2674 ]
 [ 700.45337]
 [ 701.64056]
 [ 702.82416]
 [2142.5886 ]
 [2143.4802 ]
 [2228.528  ]
 [2229.8167 ]
 [2231.3853 ]
 [ 232.45401]
 [2233.5603 ]
 [2196.9988 ]
 [2201.4507 ]
 [2202.7654 ]
 [2204.1384 ]
 [2205.399  ]
 [2206.7708 ]
 [2212.6335 ]
 [2213.2158 ]
 [2213.7693 ]
 [2214.351  ]
 [2214.9038 ]
 [2215.486  ]
 [2216.0955 ]
 [2216.6492 ]
 [2217.2307 ]
 [2217.785  ]
 [2218.3662 ]
 [2218.9192 ]
 [2219.4734 ]
 [2220.055  ]
 [2220.6086 ]
 [2221.1904 ]
 [2221.7434 ]
 [2222.3262 ]
 [2222.8792 ]
 [2223.4329 ]
 [2224.0137 ]
 [2224.5955 ]
 [2225.1492 ]
 [2225.703  ]
 [2226.2844 ]
 [2226.8386 ]
 [2227.4194 ]
 [2227.9731 ]
 [2228.5544 ]
 [2229.1082 ]
 [2229.6897 ]
 [2230.243  ]
 [2230.797  ]
 [2231.4077 ]
 [2231.9607 ]
 [2232.5422 ]
 [1565.025  ]
 [ 273.08325]
 [ 643.82324]
 [ 536.852  ]
 [ 537.9361 ]
 [ 539.0228 ]
 [ 712.2312 ]
 [ 275.13992]
 [ 423.136  ]
 [ 424.26767]
 [ 425.40726]
 [ 485.25522]
 [ 270.4958 ]
 [2311.2917 ]
 [ 269.55225]
 [ 919.81433]
 [ 919.36993]
 [2342.0508 ]
 [ 921.5291 ]
 [ 540.33496]
 [ 819.8018 ]
 [1175.9757 ]
 [1176.9357 ]
 [1043.4421 ]
 [2229.9119 ]
 [ 524.95807]
 [ 695.6026 ]
 [ 444.637  ]
 [ 687.7624 ]
 [ 318.99637]
 [ 367.0547 ]
 [ 373.55154]
 [1127.302  ]
 [2228.78   ]
 [ 643.6416 ]
 [ 391.8641 ]
 [ 356.78445]
 [ 387.50412]
 [ 850.7165 ]
 [ 385.12994]
 [ 377.78232]
 [ 388.27533]
 [ 920.8698 ]
 [ 266.92642]
 [ 240.90656]
 [2325.1296 ]
 [2326.5334 ]
 [2327.9084 ]
 [2329.397  ]
 [2330.9138 ]
 [2332.3171 ]
 [2334.0823 ]
 [ 540.38666]
 [ 367.5009 ]
 [ 687.35425]
 [ 688.48956]
 [ 689.62476]
 [ 690.7631 ]
 [ 691.90234]
 [ 693.04584]
 [ 694.1864 ]
 [ 695.3311 ]
 [ 696.4725 ]
 [ 697.6178 ]
 [ 698.7599 ]
 [ 699.90436]
 [ 507.75394]
 [ 702.20087]
 [ 703.3452 ]
 [ 655.1241 ]
 [ 656.2581 ]
 [ 612.34454]
 [ 365.38617]
 [ 899.7138 ]
 [ 871.3587 ]
 [ 369.33823]
 [ 564.3794 ]
 [ 466.6248 ]
 [2280.5144 ]
 [2282.7346 ]
 [ 910.24066]
 [ 911.4168 ]
 [ 912.6087 ]
 [ 913.8011 ]
 [ 914.9895 ]
 [ 916.1727 ]
 [2208.8682 ]
 [ 368.8155 ]
 [ 274.77625]
 [ 812.61786]
 [2383.1765 ]
 [2386.0725 ]
 [2387.19   ]
 [2388.2805 ]
 [2395.6453 ]
 [2397.2703 ]
 [2398.1624 ]
 [ 944.05804]
 [2399.6213 ]
 [ 946.1701 ]
 [ 933.87994]
 [ 935.0175 ]
 [2446.52   ]
 [2490.7258 ]
 [ 377.73813]
 [ 377.30667]
 [ 685.90564]
 [ 687.01733]
 [ 828.8946 ]
 [ 430.55353]
 [ 431.66354]
 [ 432.7767 ]
 [ 913.2249 ]
 [ 839.8167 ]
 [ 721.8014 ]
 [ 547.2858 ]
 [2273.0864 ]
 [2275.5735 ]
 [ 558.0444 ]
 [ 402.30814]
 [ 525.5499 ]
 [1942.1427 ]
 [ 396.97366]
 [ 295.07623]
 [1768.8568 ]
 [1769.7291 ]
 [1770.6158 ]
 [1771.4874 ]
 [1772.3451 ]
 [1773.2013 ]
 [1774.4779 ]
 [1775.3351 ]
 [1776.2073 ]
 [ 543.691  ]
 [ 344.03976]
 [2134.8823 ]
 [ 557.09827]
 [ 490.75406]
 [1976.3547 ]
 [1977.0253 ]
 [1977.7262 ]
 [1978.581  ]
 [1979.742  ]
 [1980.7809 ]
 [1981.39   ]
 [1982.0597 ]
 [1985.9811 ]
 [1986.56   ]
 [1987.1077 ]
 [1987.6858 ]
 [1988.2339 ]
 [1988.8124 ]
 [1989.3907 ]
 [1989.9386 ]
 [1990.5171 ]
 [1991.0653 ]
 [1991.6434 ]
 [1992.2214 ]
 [1992.7689 ]
 [1993.3478 ]
 [1993.8958 ]
 [1994.4735 ]
 [1995.0526 ]
 [1995.6    ]
 [1996.1787 ]
 [1996.7263 ]
 [1997.3049 ]
 [1997.8833 ]
 [1998.431  ]
 [1999.0096 ]
 [1999.5875 ]
 [2000.136  ]
 [2000.714  ]
 [2001.2623 ]
 [2001.8406 ]
 [2002.4191 ]
 [2002.967  ]
 [2003.5448 ]
 [2004.0933 ]
 [2004.6718 ]
 [2005.2189 ]
 [2005.7979 ]
 [2006.3767 ]
 [2006.924  ]
 [2007.5024 ]
 [2008.0498 ]
 [2008.629  ]
 [2009.176  ]
 [1322.119  ]
 [1973.676  ]
 [1981.6821 ]
 [2031.9861 ]
 [2035.1005 ]
 [ 300.00247]
 [ 298.75674]
 [ 299.4663 ]
 [ 300.17184]
 [ 300.88168]
 [ 301.58725]
 [1972.7051 ]
 [1977.5374 ]
 [1991.2242 ]
 [ 339.13245]
 [ 339.83902]
 [ 340.55035]
 [ 341.2565 ]
 [ 341.9631 ]
 [ 342.6745 ]
 [ 343.38113]
 [ 344.08755]
 [ 344.8721 ]
 [ 345.69412]
 [ 346.5659 ]
 [ 347.54373]
 [ 348.56464]
 [ 349.6753 ]
 [ 350.78378]
 [ 317.49362]
 [2009.2528 ]
 [1079.3495 ]
 [2027.4163 ]
 [1073.2261 ]
 [1062.5719 ]
 [1068.492  ]
 [1069.5101 ]
 [ 356.28763]
 [ 395.9177 ]
 [ 298.29712]
 [ 594.0288 ]
 [ 303.7738 ]
 [ 345.39328]
 [ 323.96402]
 [ 368.24252]
 [1762.9065 ]
 [ 696.9146 ]
 [ 350.943  ]
 [ 299.24768]
 [ 347.52908]
 [ 286.032  ]
 [ 276.94913]
 [ 998.8975 ]
 [ 276.9337 ]
 [ 321.47513]
 [1001.6684 ]
 [ 345.63522]
 [ 443.9758 ]
 [ 347.90234]
 [ 371.88068]
 [ 371.89722]
 [ 416.55008]
 [ 327.25784]
 [ 606.0363 ]
 [ 335.90445]
 [ 320.5801 ]
 [ 361.41806]
 [ 393.4829 ]
 [ 340.59674]
 [ 329.8575 ]
 [ 396.84738]
 [ 380.7205 ]
 [2018.4581 ]
 [ 335.16763]
 [ 465.80096]
 [ 466.92227]
 [ 468.03238]
 [ 469.17065]
 [ 394.6044 ]
 [ 571.6519 ]
 [ 496.9473 ]
 [ 324.08356]
 [ 877.6487 ]
 [ 878.7242 ]
 [ 867.1728 ]
 [ 868.2745 ]
 [ 511.75702]
 [ 867.8127 ]
 [ 868.8935 ]
 [ 227.77081]
 [ 964.86066]
 [ 965.86383]
 [ 222.90894]
 [1818.0178 ]
 [ 337.43677]
 [ 261.32388]
 [ 388.1129 ]
 [ 382.17252]
 [ 950.0102 ]
 [ 276.59866]
 [ 942.1753 ]
 [ 943.71826]
 [ 945.1267 ]
 [1402.9957 ]
 [1404.001  ]
 [ 187.5373 ]
 [ 202.61687]
 [1380.6099 ]
 [ 211.80722]
 [ 251.32748]
 [ 305.4091 ]
 [ 542.6114 ]
 [1148.2574 ]
 [ 289.74646]
 [ 170.78584]
 [ 128.98163]
 [1487.4799 ]
 [1488.5353 ]
 [1490.1306 ]
 [ 152.48453]
 [1491.8068 ]
 [1492.8228 ]
 [ 149.79376]
 [ 149.9547 ]
 [ 150.1244 ]
 [ 150.28542]
 [ 150.44641]
 [ 150.61621]
 [ 150.77718]
 [ 140.1307 ]
 [1494.3383 ]
 [1498.5642 ]
 [1500.7301 ]
 [1501.714  ]
 [1502.4344 ]
 [1503.5062 ]
 [1504.7958 ]
 [1505.7357 ]
 [1480.205  ]
 [1462.8773 ]
 [1510.4331 ]
 [1510.8707 ]
 [ 291.34122]
 [1512.0947 ]
 [1512.7715 ]
 [1513.755  ]
 [1514.695  ]
 [1006.53424]
 [ 275.6582 ]
 [ 883.3044 ]
 [1332.0214 ]
 [1286.2017 ]
 [1287.0594 ]
 [1287.6984 ]
 [1288.41   ]
 [ 279.4456 ]
 [ 280.56335]
 [ 321.51407]
 [ 200.25185]
 [ 401.31223]
 [ 325.85043]
 [1425.9391 ]
 [ 250.27736]
 [ 154.56032]
 [1518.1293 ]
 [ 182.09644]
 [ 964.72943]
 [ 191.10909]
 [ 967.2736 ]
 [ 966.9351 ]
 [ 968.0379 ]
 [ 969.6661 ]
 [ 891.611  ]
 [ 195.44878]
 [ 967.01227]
 [ 969.12897]
 [ 231.9696 ]
 [ 979.3497 ]
 [ 201.67877]
 [ 569.1188 ]
 [ 569.377  ]
 [ 378.81638]
 [ 379.91016]
 [ 381.0028 ]
 [ 382.09586]
 [ 146.21936]
 [1573.0127 ]
 [1575.2369 ]
 [ 447.10138]
 [ 447.90506]
 [ 164.68031]
 [ 573.9323 ]
 [ 573.2874 ]
 [ 333.58603]
 [1318.6093 ]
 [1319.32   ]
 [1320.1039 ]
 [1320.8156 ]
 [1321.5629 ]
 [1322.274  ]
 [1323.0214 ]
 [1323.7689 ]
 [ 577.10706]
 [1324.954  ]
 [1325.8097 ]
 [1326.5931 ]
 [1327.3777 ]
 [1473.0645 ]
 [1328.5739 ]
 [1329.285  ]
 [1330.0328 ]
 [ 585.789  ]
 [1476.862  ]
 [1331.8114 ]
 [1332.5592 ]
 [1333.4154 ]
 [1334.163  ]
 [1480.6478 ]
 [1335.3958 ]
 [1336.2162 ]
 [1336.9996 ]
 [1483.9747 ]
 [1338.1964 ]
 [1338.98   ]
 [1339.7278 ]
 [1340.4752 ]
 [1487.7605 ]
 [1341.6721 ]
 [1342.5281 ]
 [1343.4574 ]
 [1491.0878 ]
 [1344.6543 ]
 [1345.4377 ]
 [1346.2213 ]
 [1494.4718 ]
 [1347.4183 ]
 [1348.2018 ]
 [1348.9857 ]
 [1349.8057 ]
 [1350.6263 ]
 [1351.3372 ]
 [1352.121  ]
 [1352.9047 ]
 [ 618.6586 ]
 [1493.4196 ]
 [ 335.98026]
 [1348.2075 ]
 [1349.0643 ]
 [ 553.2293 ]
 [1341.5922 ]
 [1342.3762 ]
 [1343.1244 ]
 [1343.9088 ]
 [1344.5846 ]
 [1345.296  ]
 [ 560.29755]
 [ 555.28406]
 [1478.5175 ]
 [ 921.5704 ]
 [ 280.06335]
 [ 512.0182 ]
 [ 513.6956 ]
 [1481.3365 ]
 [ 250.61575]
 [ 221.15175]
 [ 238.55203]
 [ 285.45743]
 [ 251.91702]
 [ 251.65292]
 [ 258.2323 ]
 [ 359.57117]
 [ 255.08025]
 [ 251.29471]
 [ 337.433  ]
 [ 262.51065]
 [ 180.95659]
 [1527.4171 ]
 [ 264.22516]
 [ 201.80823]
 [1572.3237 ]
 [ 274.59445]
 [ 890.3022 ]
 [ 207.67639]
 [1495.9855 ]
 [ 565.4118 ]
 [ 566.3354 ]
 [ 214.42581]
 [ 298.41364]
 [ 267.78146]
 [1418.5212 ]
 [1567.4321 ]
 [1568.106  ]
 [1568.5571 ]
 [1569.0641 ]
 [1569.5153 ]
 [1570.022  ]
 [1570.5289 ]
 [1570.9801 ]
 [1571.4877 ]
 [1571.9938 ]
 [1572.4454 ]
 [1572.952  ]
 [1573.4032 ]
 [1573.9109 ]
 [1574.3619 ]
 [1574.8683 ]
 [1575.3196 ]
 [1575.8267 ]
 [1576.3339 ]
 [1576.7848 ]
 [1577.2914 ]
 [1577.743  ]
 [1578.2496 ]
 [1578.7567 ]
 [1579.264  ]
 [1579.7706 ]
 [1580.2775 ]
 [1580.7286 ]
 [1581.2362 ]
 [1581.7977 ]
 [1582.2494 ]
 [1582.7562 ]
 [1583.2074 ]
 [1583.7152 ]
 [1584.2208 ]
 [1584.6722 ]
 [ 322.1126 ]
 [ 323.47745]
 [ 324.6033 ]
 [ 325.7302 ]
 [ 782.69025]
 [ 783.71564]
 [ 784.69073]
 [ 509.7278 ]
 [ 509.88174]
 [ 512.41675]
 [ 513.9433 ]
 [1010.7616 ]
 [1011.6109 ]
 [1012.4605 ]
 [1013.2961 ]
 [1014.14557]
 [1014.9812 ]
 [1015.8309 ]
 [1016.66644]
 [1017.51666]
 [1018.35236]
 [1019.2016 ]
 [1020.0517 ]
 [1020.8876 ]
 [1021.73663]
 [1022.58655]
 [1023.42206]
 [1024.2717 ]
 [1025.1211 ]
 [1025.9567 ]
 [1026.8066 ]
 [1027.6842 ]
 [1028.5342 ]
 [1029.3973 ]
 [1030.247  ]
 [ 542.9877 ]
 [ 544.3883 ]
 [ 369.40652]
 [ 327.7037 ]
 [ 272.94418]
 [ 286.83374]
 [ 287.7115 ]
 [ 483.6932 ]
 [ 484.84863]
 [ 313.39728]
 [ 311.37122]
 [ 309.6752 ]
 [ 310.882  ]
 [ 312.95667]
 [ 314.17654]
 [ 315.39462]
 [ 316.5687 ]
 [ 484.9039 ]
 [ 318.85483]
 [ 320.05624]
 [ 321.27377]
 [ 322.49976]
 [ 323.71994]
 [ 324.93533]
 [ 326.15842]
 [ 327.37585]
 [ 370.6921 ]
 [ 329.6906 ]
 [ 330.89975]
 [ 332.1154 ]
 [1603.5663 ]
 [ 334.3359 ]
 [ 335.55417]
 [ 336.7715 ]
 [ 338.0156 ]
 [ 339.24933]
 [ 340.4644 ]
 [ 341.6691 ]
 [ 342.86987]
 [ 344.05856]
 [ 345.25473]
 [1818.3207 ]
 [ 347.37924]
 [ 348.5859 ]
 [ 349.7983 ]
 [ 351.01846]
 [ 352.22275]
 [ 353.43555]
 [1836.2997 ]
 [ 306.18863]
 [1796.2662 ]
 [1797.5679 ]
 [ 636.1956 ]
 [ 465.9511 ]
 [ 467.07236]
 [ 468.1845 ]
 [ 469.30005]
 [ 470.41232]
 [1340.5265 ]
 [ 337.84592]
 [1836.616  ]
 [ 306.6555 ]
 [ 255.5209 ]
 [1778.2421 ]
 [1779.4052 ]
 [ 265.4221 ]
 [ 420.842  ]
 [1630.7482 ]
 [ 350.03107]
 [ 351.9598 ]
 [ 353.4289 ]
 [ 341.8045 ]
 [1510.2782 ]
 [1510.9968 ]
 [ 274.68774]
 [ 576.15753]
 [ 576.31506]
 [ 589.4086 ]
 [ 589.4566 ]
 [ 590.77625]
 [ 591.9747 ]
 [ 404.31174]
 [1869.0687 ]
 [1869.6478 ]
 [1870.2264 ]
 [1870.835  ]
 [1871.414  ]
 [1872.0233 ]
 [1872.6007 ]
 [1873.1803 ]
 [1873.7892 ]
 [1874.4288 ]
 [1875.069  ]
 [1875.6774 ]
 [1876.3174 ]
 [1103.2166 ]
 [1877.4664 ]
 [1878.0753 ]
 [1878.6846 ]
 [1879.2631 ]
 [1879.8414 ]
 [1880.4503 ]
 [1881.0289 ]
 [1881.6383 ]
 [1882.2164 ]
 [1894.7859 ]
 [ 317.3215 ]
 [ 319.95932]
 [1852.9965 ]
 [1853.5665 ]
 [1854.2228 ]
 [1854.7931 ]
 [1855.3922 ]
 [1855.9618 ]
 [1856.59   ]
 [1857.1884 ]
 [1857.7587 ]
 [1858.358  ]
 [1858.9855 ]
 [1859.6415 ]
 [1860.2687 ]
 [1860.897  ]
 [1861.4956 ]
 [1862.1232 ]
 [1862.6936 ]
 [1863.2637 ]
 [1863.8622 ]
 [1864.4335 ]
 [1865.0321 ]
 [1865.6598 ]
 [1866.2301 ]
 [ 839.0239 ]
 [ 853.86456]
 [ 867.8106 ]
 [ 290.98276]
 [ 882.34045]
 [ 305.99496]
 [ 322.41064]
 [ 507.192  ]
 [ 300.38034]
 [1901.1041 ]
 [ 332.4558 ]
 [ 332.56146]
 [ 333.4826 ]
 [ 341.60803]
 [ 410.60965]
 [1706.9581 ]
 [ 287.28653]
 [1945.3698 ]
 [1949.892  ]
 [ 874.3869 ]]"
2022-03-11,2022-03-18,529,65,10,861,1.1614401858304297,61.440185830429726,12.287334593572778,2.109704641350211,0.3142938846682536,208.090021268889,128.6346151806613,129.05941772460938,43317.32421875,"[[2.42172134e+02]
 [5.00387115e+02]
 [5.00553833e+02]
 [6.58761978e+00]
 [3.71546783e+02]
 [8.18057632e+00]
 [2.52890372e+00]
 [4.01991920e+01]
 [4.05597267e+01]
 [4.48754005e+01]
 [3.00009513e+00]
 [3.43106437e+00]
 [1.06552482e+00]
 [0.00000000e+00]
 [0.00000000e+00]
 [1.00620031e-01]
 [0.00000000e+00]
 [0.00000000e+00]
 [0.00000000e+00]
 [0.00000000e+00]
 [0.00000000e+00]
 [0.00000000e+00]
 [3.89456604e+02]
 [9.82413101e+00]
 [2.74947845e+02]
 [9.51871109e+00]
 [4.73648453e+00]
 [0.00000000e+00]
 [0.00000000e+00]
 [4.08214996e+02]
 [0.00000000e+00]
 [4.13932678e+02]
 [4.15705322e+02]
 [0.00000000e+00]
 [4.15634430e+02]
 [4.15787750e+02]
 [4.16426605e+02]
 [4.16215454e+02]
 [4.15922516e+02]
 [4.22888702e+02]
 [4.22312775e+02]
 [4.21737274e+02]
 [4.21201965e+02]
 [4.21597992e+02]
 [4.21102264e+02]
 [4.20607635e+02]
 [4.20112762e+02]
 [4.63950653e+02]
 [4.63488647e+02]
 [4.63025970e+02]
 [4.62564148e+02]
 [4.60459442e+02]
 [0.00000000e+00]
 [2.04202003e+01]
 [6.09546852e+01]
 [3.42403297e+01]
 [8.08261633e-01]
 [1.37920265e+01]
 [4.44394302e+00]
 [4.31485367e+00]
 [4.17325211e+00]
 [9.34939957e+00]
 [0.00000000e+00]
 [2.13789406e+01]
 [6.95920181e+00]
 [1.89735451e+01]
 [1.76792336e+01]
 [3.88626678e+02]
 [3.88615417e+02]
 [3.88555420e+02]
 [3.88495270e+02]
 [3.88434479e+02]
 [3.88374359e+02]
 [3.88314026e+02]
 [3.88204895e+02]
 [1.04325294e+01]
 [1.79663788e+02]
 [4.06476288e+02]
 [4.07591705e+02]
 [4.07966888e+02]
 [3.30038422e+02]
 [4.10593689e+02]
 [4.14754364e+02]
 [2.89255768e+02]
 [4.20223541e+02]
 [1.78062592e+02]
 [1.03344460e+01]
 [4.44471771e+02]
 [4.14744171e+02]
 [8.69827652e+00]
 [4.36322113e+02]
 [6.07919693e+00]
 [4.13548946e-02]
 [7.37997818e+00]
 [3.71233795e+02]
 [0.00000000e+00]
 [1.55456276e+01]
 [2.11833229e+01]
 [2.97124977e+01]
 [2.70091286e+01]
 [0.00000000e+00]
 [4.32471283e+02]
 [4.32100342e+02]
 [4.31777740e+02]
 [4.31455597e+02]
 [4.31083984e+02]
 [4.30760895e+02]
 [4.30439026e+02]
 [4.30067352e+02]
 [4.29744904e+02]
 [4.29373779e+02]
 [4.29051514e+02]
 [4.28679901e+02]
 [4.28357635e+02]
 [4.27986359e+02]
 [8.66478577e+01]
 [2.11379128e+01]
 [4.79439545e+02]
 [8.49942398e+00]
 [8.33450699e+00]
 [8.16257095e+00]
 [7.99783707e+00]
 [7.83981705e+00]
 [7.66489029e+00]
 [2.07772560e+01]
 [0.00000000e+00]
 [0.00000000e+00]
 [2.74621315e+01]
 [2.76483498e+01]
 [1.13846169e+01]
 [4.56932716e+01]
 [4.33258400e+01]
 [4.51938391e-01]
 [3.32852530e+00]
 [3.53384757e+00]
 [1.70871329e+00]
 [0.00000000e+00]
 [6.38962173e+00]
 [3.61628082e+02]
 [1.07681618e+01]
 [3.98013458e+02]
 [1.23286476e+01]
 [1.69396851e+02]
 [1.69869537e+02]
 [1.70337433e+02]
 [1.70809509e+02]
 [1.71278046e+02]
 [1.71750122e+02]
 [4.43638519e+02]
 [4.44918304e+02]
 [4.44881622e+02]
 [2.34592628e+01]
 [4.40493317e+02]
 [4.40621704e+02]
 [4.40461517e+02]
 [6.26151466e+01]
 [0.00000000e+00]
 [0.00000000e+00]
 [7.79892349e+00]
 [1.56879921e+01]
 [4.68398712e+02]
 [4.68827026e+02]
 [4.68816132e+02]
 [4.69342804e+02]
 [2.28218117e+01]
 [0.00000000e+00]
 [1.81275368e+01]
 [4.24187378e+02]
 [1.96546974e+01]
 [1.14422951e+01]
 [0.00000000e+00]
 [0.00000000e+00]
 [0.00000000e+00]
 [4.06233429e+02]
 [1.94065285e+01]
 [9.82455969e-01]
 [1.16172829e+01]
 [1.46968117e+01]
 [3.56399269e+01]
 [9.57459717e+01]
 [9.12430191e+00]
 [1.05502052e+01]
 [0.00000000e+00]
 [3.51840734e-01]
 [0.00000000e+00]
 [6.28696060e+00]
 [0.00000000e+00]
 [5.30280945e+02]
 [5.30790283e+02]
 [5.31322632e+02]
 [5.31854858e+02]
 [5.32432983e+02]
 [5.32964478e+02]
 [5.33474487e+02]
 [9.23709631e-01]
 [4.64172089e+02]
 [0.00000000e+00]
 [5.72387146e+02]
 [0.00000000e+00]
 [4.80697235e+02]
 [7.20376968e+00]
 [5.87016663e+02]
 [6.04664673e+02]
 [7.58734131e+01]
 [7.40870056e+01]
 [7.33782654e+01]
 [8.27716446e+00]
 [2.16531730e+00]
 [7.31025391e+01]
 [6.49252701e+00]
 [1.11447182e+01]
 [5.36755753e+00]
 [8.67462540e+00]
 [1.11454506e+01]
 [8.57425308e+00]
 [6.85870743e+00]
 [2.81961417e+00]
 [8.45499039e+00]
 [9.25317764e+00]
 [1.42822304e+01]
 [1.80379372e+01]
 [1.62492409e+01]
 [0.00000000e+00]
 [1.66046181e+01]
 [1.28986549e+01]
 [1.88335304e+01]
 [1.81199989e+01]
 [1.50551186e+01]
 [1.24455299e+01]
 [3.31987762e+02]
 [1.16525917e+01]
 [4.46152161e+02]
 [2.57739615e+00]
 [2.49621940e+00]
 [2.41559196e+00]
 [2.33542228e+00]
 [2.25479484e+00]
 [8.64828796e+01]
 [8.95431900e+00]
 [3.31735587e+00]
 [6.94397354e+00]
 [9.32367325e+00]
 [8.43753433e+00]
 [3.39254761e+02]
 [1.32868690e+01]
 [1.32558632e+01]
 [1.32269020e+01]
 [1.31960182e+01]
 [1.31672096e+01]
 [1.31360512e+01]
 [1.31073647e+01]
 [1.30764809e+01]
 [1.30473671e+01]
 [1.30164833e+01]
 [1.29875526e+01]
 [1.29566689e+01]
 [1.29169960e+01]
 [1.28702431e+01]
 [1.28219032e+01]
 [4.93061371e+02]
 [5.56167984e+00]
 [5.91836929e+00]
 [5.71704834e+02]
 [5.73122620e+02]
 [5.72107315e+00]
 [9.19284439e+00]
 [7.75802994e+00]
 [7.72195816e+00]
 [7.68570328e+00]
 [7.65039444e+00]
 [7.61612320e+00]
 [7.58090591e+00]
 [7.54654312e+00]
 [7.51132584e+00]
 [7.47702408e+00]
 [7.44168472e+00]
 [7.40750504e+00]
 [7.37302017e+00]
 [7.33792496e+00]
 [7.30362320e+00]
 [7.26843643e+00]
 [7.23404312e+00]
 [7.19974136e+00]
 [7.16449356e+00]
 [7.13028336e+00]
 [7.09494400e+00]
 [7.05972672e+00]
 [7.02533340e+00]
 [6.99017715e+00]
 [6.95566177e+00]
 [6.92157364e+00]
 [6.88641739e+00]
 [6.85193253e+00]
 [6.81674576e+00]
 [6.78229141e+00]
 [6.74811172e+00]
 [6.71295547e+00]
 [6.67853165e+00]
 [6.64429092e+00]
 [6.60901260e+00]
 [6.57477188e+00]
 [6.53955460e+00]
 [6.50525284e+00]
 [6.44165421e+00]
 [6.36352921e+00]
 [6.28528214e+00]
 [6.20721817e+00]
 [6.12900162e+00]
 [6.05105972e+00]
 [5.97281265e+00]
 [5.89453506e+00]
 [5.81637955e+00]
 [5.73816299e+00]
 [5.66009903e+00]
 [5.58185196e+00]
 [5.50372696e+00]
 [0.00000000e+00]
 [0.00000000e+00]
 [1.35623693e-01]
 [5.13865601e+02]
 [5.14091553e+02]
 [5.14115845e+02]
 [5.14208130e+02]
 [5.14433716e+02]
 [5.14860413e+02]
 [0.00000000e+00]
 [5.44386108e+02]
 [5.10403809e+02]
 [4.35275650e+00]
 [4.27502823e+00]
 [4.19714737e+00]
 [2.89882019e+02]
 [5.07735321e+02]
 [5.58498718e+02]
 [5.49116211e+02]
 [4.65450317e+02]
 [4.86343994e+02]
 [4.87138947e+02]
 [4.88874390e+02]
 [2.87921486e+01]
 [4.89888458e+02]
 [2.92219276e+01]
 [2.93740578e+01]
 [4.91098572e+02]
 [4.76284058e+02]
 [4.77173126e+02]
 [4.93734283e+02]
 [4.94597534e+02]
 [4.80768372e+02]
 [8.21908951e+00]
 [4.42958923e+02]
 [4.43706390e+02]
 [4.44398468e+02]
 [1.49905753e+00]
 [4.45351166e+02]
 [4.45989532e+02]
 [3.86481232e+02]
 [3.87479614e+02]
 [2.63809562e+00]
 [3.88197327e+02]
 [3.09955658e+02]
 [2.83812347e+02]
 [2.22619987e+00]
 [3.65240051e+02]
 [3.65950592e+02]
 [3.66563446e+02]
 [3.67241516e+02]
 [3.67952118e+02]
 [3.66181061e+02]
 [6.70212173e+00]
 [3.90914581e+02]
 [4.36918335e+02]
 [4.37038849e+02]
 [4.37145203e+02]
 [4.37234711e+02]
 [4.37335327e+02]
 [4.37424927e+02]
 [4.37514526e+02]
 [4.37823395e+02]
 [4.37935120e+02]
 [4.38024628e+02]
 [0.00000000e+00]
 [0.00000000e+00]
 [1.52608986e+01]
 [1.52968788e+01]
 [6.91949844e+00]
 [3.68101685e+02]
 [3.69519745e+02]
 [3.73190094e+02]
 [4.22260475e+01]
 [3.75295013e+02]
 [3.76187164e+02]
 [3.78994171e+02]
 [2.76864982e+00]
 [1.80440407e+01]
 [3.14845619e+01]
 [3.38556266e+00]
 [3.33423209e+00]
 [1.27097351e+02]
 [1.26997833e+02]
 [1.26331253e+02]
 [1.26502014e+02]
 [1.26338394e+02]
 [3.74327484e+02]
 [1.62269638e+02]
 [1.62386353e+02]
 [1.62527023e+02]
 [3.88408752e+02]
 [3.88821808e+02]
 [3.89186584e+02]
 [3.89455017e+02]
 [3.89820007e+02]
 [3.90136536e+02]
 [3.91031241e+00]
 [0.00000000e+00]
 [4.39578156e+02]
 [0.00000000e+00]
 [0.00000000e+00]
 [4.01239044e+02]
 [4.01508148e+02]
 [4.01777039e+02]
 [4.01949677e+02]
 [4.02171204e+02]
 [4.02344452e+02]
 [4.02517334e+02]
 [4.02738647e+02]
 [4.02911926e+02]
 [4.03133270e+02]
 [4.03306030e+02]
 [4.03479309e+02]
 [4.03700165e+02]
 [4.03873810e+02]
 [4.04094635e+02]
 [4.04267609e+02]
 [4.04440826e+02]
 [4.04662170e+02]
 [4.04835449e+02]
 [4.05008148e+02]
 [4.05229553e+02]
 [4.05402710e+02]
 [4.05623718e+02]
 [4.05796631e+02]
 [4.05970184e+02]
 [4.06191071e+02]
 [4.06364105e+02]
 [4.06537689e+02]
 [4.06758667e+02]
 [4.06931183e+02]
 [4.07152283e+02]
 [4.07326019e+02]
 [4.07499237e+02]
 [4.07719910e+02]
 [4.07893463e+02]
 [4.08114441e+02]
 [4.08287415e+02]
 [4.08460815e+02]
 [4.08681885e+02]
 [4.08902954e+02]
 [4.09124084e+02]
 [4.09297394e+02]
 [4.09469879e+02]
 [4.09690887e+02]
 [4.09912140e+02]
 [4.10085449e+02]
 [4.10306885e+02]
 [4.10479431e+02]
 [4.10652649e+02]
 [4.10873779e+02]
 [0.00000000e+00]
 [4.41072571e+02]
 [4.45479340e+02]
 [0.00000000e+00]
 [4.17490784e+02]
 [1.35097565e+02]
 [1.91910828e+02]
 [4.12505127e+02]
 [8.75168457e+01]
 [0.00000000e+00]
 [4.92715515e+02]
 [4.92937134e+02]
 [4.93158264e+02]
 [4.93331512e+02]
 [4.93552673e+02]
 [4.93725372e+02]
 [4.93946411e+02]
 [4.94167725e+02]
 [4.94340790e+02]
 [4.94561584e+02]
 [4.94783142e+02]
 [4.95003876e+02]
 [4.95177338e+02]
 [4.95398224e+02]
 [4.95619141e+02]
 [4.95792511e+02]
 [4.96013336e+02]
 [4.96186829e+02]
 [4.96407990e+02]
 [4.96628906e+02]
 [4.96897766e+02]
 [4.97118530e+02]
 [4.97339813e+02]
 [4.97513000e+02]
 [4.97734406e+02]
 [4.97907318e+02]
 [4.98128418e+02]
 [4.98349731e+02]
 [4.98522369e+02]
 [4.98743774e+02]
 [4.98916809e+02]
 [4.99137970e+02]
 [4.99359253e+02]
 [4.99532227e+02]
 [4.99753418e+02]
 [4.99926361e+02]
 [4.23130981e+02]
 [4.23438690e+02]
 [4.23741974e+02]
 [4.24045959e+02]
 [4.24353668e+02]
 [4.24657379e+02]
 [4.24960968e+02]
 [4.25268951e+02]
 [4.25572693e+02]
 [4.25876343e+02]
 [4.26179901e+02]
 [4.26487885e+02]
 [4.26791595e+02]
 [4.27095306e+02]
 [4.27399231e+02]
 [4.27690094e+02]
 [4.27970032e+02]
 [4.28250092e+02]
 [4.28530121e+02]
 [4.28812317e+02]
 [4.29092194e+02]
 [4.29372192e+02]
 [4.29654266e+02]
 [4.29934296e+02]
 [5.13724854e+02]
 [1.38938538e+02]
 [5.05389786e+00]
 [3.38590363e+02]
 [5.18185425e+02]
 [5.20713623e+02]
 [1.27857094e+01]
 [1.68981056e+01]
 [5.10915314e+02]
 [5.11413269e+02]
 [9.77829361e+00]
 [9.73926163e+00]
 [9.70007706e+00]
 [9.66098404e+00]
 [9.62198257e+00]
 [9.58349991e+00]
 [9.54477310e+00]
 [9.50632095e+00]
 [9.46783829e+00]
 [5.21120544e+02]
 [5.28515930e+02]
 [5.60828369e+02]
 [3.78708243e+00]
 [4.93598480e+02]
 [5.29283630e+02]
 [5.31452271e+02]
 [2.80779938e+02]
 [2.81088776e+02]
 [2.81235565e+02]
 [2.81523987e+02]
 [7.89676285e+00]
 [0.00000000e+00]
 [5.07387787e+02]
 [5.66716431e+02]
 [5.66673828e+02]
 [5.66699158e+02]
 [5.66723572e+02]
 [5.66680847e+02]
 [0.00000000e+00]
 [9.19260025e+00]
 [5.14641052e+02]
 [5.18405518e+02]
 [4.11763824e+02]
 [4.11135468e+02]
 [9.22189713e+00]
 [5.10306168e+00]
 [9.98321915e+00]
 [7.70990372e+00]
 [7.72180557e+00]
 [5.42860901e+02]
 [5.53867493e+02]
 [9.53189611e-01]
 [1.28964882e+01]
 [1.51362648e+01]
 [1.17475014e+01]
 [1.15600624e+01]
 [1.38653908e+01]
 [1.38428688e+01]
 [1.38211098e+01]
 [1.37990456e+01]
 [8.04266663e+01]
 [1.13265419e+01]
 [4.47696381e+02]
 [1.24150734e+01]
 [1.31604042e+01]
 [1.09059792e+01]
 [1.49243202e+01]
 [1.31154213e+01]
 [1.38380775e+01]
 [1.27467079e+01]
 [9.74092102e+01]
 [1.07378967e+02]
 [1.18210793e+01]
 [1.27117653e+01]
 [2.16775116e+02]
 [1.16629982e+01]
 [0.00000000e+00]
 [1.28127785e+01]
 [1.47922096e+01]
 [1.47160988e+01]
 [5.25108154e+02]
 [4.91885834e+02]
 [5.47840454e+02]
 [5.48008484e+02]
 [1.27182350e+01]
 [1.26838722e+01]
 [1.26483498e+01]
 [1.26138649e+01]
 [0.00000000e+00]
 [5.48104614e+02]
 [5.48167236e+02]
 [5.48176697e+02]
 [5.48238770e+02]
 [5.48301331e+02]
 [5.48363708e+02]
 [5.48426392e+02]
 [5.48489502e+02]
 [5.48551270e+02]
 [5.48614075e+02]
 [5.48623291e+02]
 [5.48686035e+02]
 [5.48748535e+02]
 [5.48811340e+02]
 [5.48873535e+02]
 [5.48936035e+02]
 [5.48945312e+02]
 [5.49007996e+02]
 [5.49070190e+02]
 [5.49132629e+02]
 [5.49142090e+02]
 [5.49204895e+02]
 [5.49267029e+02]
 [5.49329590e+02]
 [5.49339111e+02]
 [1.46235321e+02]
 [5.75803566e+01]
 [1.44443398e+01]
 [1.44009132e+01]
 [1.86665382e+01]
 [1.43181190e+01]
 [4.11959572e+01]
 [1.47324867e+01]
 [7.38318253e+00]
 [7.26279068e+00]
 [7.14557266e+00]
 [7.02521133e+00]
 [6.90500259e+00]
 [2.13770485e+01]
 [2.34378395e+01]
 [5.22137146e+02]
 [5.22378296e+02]
 [1.67517128e+01]
 [2.71220741e+01]
 [5.41005981e+02]
 [2.46409645e+01]
 [4.90575897e+02]
 [4.91542542e+02]
 [4.89506470e+02]
 [4.90015900e+02]
 [4.90525360e+02]
 [4.91057648e+02]
 [5.37795105e+02]
 [4.94306641e+02]
 [4.94838745e+02]
 [4.96030304e+02]
 [1.25575600e+01]
 [2.23890114e+01]
 [0.00000000e+00]
 [5.71122681e+02]
 [1.04954872e+01]
 [2.19784904e+00]
 [4.19489784e+01]
 [1.15055878e+02]
 [2.53280678e+01]
 [2.56327858e+01]
 [2.57947121e+01]
 [2.60661964e+01]
 [0.00000000e+00]
 [0.00000000e+00]
 [0.00000000e+00]
 [1.01395607e+01]
 [1.01031837e+01]
 [1.00687904e+01]
 [1.08758888e+01]
 [1.08577003e+01]
 [1.08453712e+01]
 [3.33862030e+02]
 [1.20637856e+01]
 [5.40274429e+00]
 [5.32916641e+00]
 [5.26663589e+00]
 [5.20096207e+00]
 [5.13803482e+00]
 [5.06796646e+00]
 [5.01376724e+00]
 [4.96158218e+00]
 [4.86819839e+00]
 [4.81283951e+00]
 [4.76388931e+00]
 [4.71277237e+00]
 [4.65744400e+00]
 [4.60107803e+00]
 [4.53613663e+00]
 [4.46826553e+00]
 [4.41391373e+00]
 [2.85364127e+00]
 [2.78543448e+00]
 [2.71460319e+00]
 [2.65692496e+00]
 [2.59521842e+00]
 [2.52835441e+00]
 [2.45996451e+00]
 [2.39569449e+00]
 [2.33548331e+00]
 [2.26721549e+00]
 [2.20831656e+00]
 [2.15069938e+00]
 [2.08633780e+00]
 [2.02487540e+00]
 [1.96304679e+00]
 [1.90533805e+00]
 [1.79864860e+00]
 [1.72653556e+00]
 [1.66757560e+00]
 [1.60727286e+00]
 [1.54297233e+00]
 [1.46280265e+00]
 [1.40515494e+00]
 [1.34610343e+00]
 [1.38177848e+00]
 [1.35873771e+00]
 [4.54225189e+02]
 [1.27704215e+00]
 [6.16464615e+00]
 [4.28082947e+02]
 [4.28742096e+02]
 [0.00000000e+00]
 [4.35350494e+02]
 [4.35571869e+02]
 [4.35793121e+02]
 [4.36013824e+02]
 [4.36187256e+02]
 [4.36408600e+02]
 [4.36581543e+02]
 [4.36802551e+02]
 [4.37023560e+02]
 [4.37196930e+02]
 [4.37215729e+02]
 [4.37204071e+02]
 [4.37202911e+02]
 [4.37191620e+02]
 [4.37190735e+02]
 [0.00000000e+00]
 [2.95173859e+02]
 [2.95354980e+02]
 [2.95561859e+02]
 [2.95768799e+02]
 [2.95975616e+02]
 [2.96157074e+02]
 [2.96363678e+02]
 [2.96570221e+02]
 [2.96777496e+02]
 [2.96984192e+02]
 [2.97190918e+02]
 [2.97397858e+02]
 [2.97579254e+02]
 [2.97785919e+02]
 [2.98018158e+02]
 [2.98199249e+02]
 [2.98406464e+02]
 [2.98613312e+02]
 [2.98794434e+02]
 [2.99001160e+02]
 [2.99207947e+02]
 [2.99415070e+02]
 [2.99596161e+02]
 [2.99803040e+02]
 [0.00000000e+00]
 [4.01305542e+02]
 [4.01277863e+02]
 [4.01249054e+02]
 [4.01221313e+02]
 [4.01192780e+02]
 [4.01165009e+02]
 [4.01128021e+02]
 [4.01099640e+02]
 [4.01071564e+02]
 [4.01043243e+02]
 [4.01006165e+02]
 [4.00978149e+02]
 [4.00950073e+02]
 [4.00921783e+02]
 [4.00885162e+02]
 [4.00856445e+02]
 [4.00819885e+02]
 [4.00791779e+02]
 [4.00797821e+02]
 [4.00787109e+02]
 [4.00767853e+02]
 [4.00730499e+02]
 [4.00701904e+02]
 [4.00674225e+02]
 [4.00637024e+02]
 [4.00609344e+02]
 [4.00580444e+02]
 [4.00552673e+02]
 [4.00524689e+02]
 [4.00487335e+02]
 [4.00459412e+02]
 [4.00431305e+02]
 [4.00394318e+02]
 [4.00365601e+02]
 [4.00337952e+02]
 [4.00309296e+02]
 [0.00000000e+00]
 [0.00000000e+00]
 [0.00000000e+00]
 [0.00000000e+00]
 [0.00000000e+00]
 [0.00000000e+00]
 [0.00000000e+00]
 [0.00000000e+00]
 [5.74682999e+00]
 [3.71268058e+00]
 [5.43192749e+02]
 [5.44108704e+02]
 [5.45173035e+02]
 [2.17009010e+01]
 [5.74485352e+02]
 [5.82542053e+02]
 [0.00000000e+00]
 [5.87594177e+02]
 [5.93949768e+02]
 [5.63431396e+02]
 [5.56664185e+02]
 [5.78000854e+02]
 [5.82724060e+02]
 [0.00000000e+00]
 [5.76392090e+02]
 [5.72702454e+02]
 [5.83465027e+02]
 [5.89671814e+02]
 [5.92329834e+02]]"
2022-03-12,2022-03-19,268,49,90,612,14.705882352941178,43.790849673202615,18.28358208955224,29.126213592233007,-0.7136774819591882,304.25379782762315,199.3488635798685,224.07728576660156,97593.5234375,"[[182.11302  ]
 [694.9472   ]
 [735.4466   ]
 [710.34576  ]
 [629.41003  ]
 [633.684    ]
 [690.20325  ]
 [642.59094  ]
 [644.1501   ]
 [493.0945   ]
 [492.18225  ]
 [525.95953  ]
 [365.0814   ]
 [363.69754  ]
 [  0.       ]
 [ 30.528185 ]
 [708.79285  ]
 [ 72.58089  ]
 [  0.       ]
 [583.98126  ]
 [  0.       ]
 [ 84.49831  ]
 [ 85.01515  ]
 [ 85.53285  ]
 [426.43066  ]
 [ 82.001816 ]
 [427.71942  ]
 [428.3047   ]
 [ 79.049774 ]
 [ 79.34346  ]
 [ 79.74394  ]
 [ 80.13199  ]
 [ 80.55168  ]
 [ 80.88905  ]
 [ 81.308716 ]
 [ 81.72801  ]
 [708.04395  ]
 [ 80.51668  ]
 [126.64464  ]
 [127.20737  ]
 [127.78203  ]
 [128.34428  ]
 [128.91896  ]
 [129.48152  ]
 [130.0565   ]
 [130.61876  ]
 [131.19353  ]
 [131.756    ]
 [132.33107  ]
 [132.89326  ]
 [133.45555  ]
 [134.03049  ]
 [134.593    ]
 [135.16786  ]
 [135.73036  ]
 [136.30513  ]
 [136.86719  ]
 [137.44225  ]
 [138.00414  ]
 [359.893    ]
 [109.73735  ]
 [ 16.006823 ]
 [  0.       ]
 [  0.       ]
 [  0.       ]
 [  0.       ]
 [  0.       ]
 [  0.       ]
 [  0.       ]
 [ 20.28905  ]
 [114.05498  ]
 [351.92603  ]
 [ 92.166214 ]
 [  0.       ]
 [  0.       ]
 [  0.       ]
 [  0.       ]
 [  0.       ]
 [  0.       ]
 [  0.       ]
 [  0.       ]
 [  0.       ]
 [  0.       ]
 [  0.       ]
 [ 27.621782 ]
 [223.26546  ]
 [ 98.496445 ]
 [  0.       ]
 [ 97.67363  ]
 [ 20.975298 ]
 [  0.       ]
 [  0.       ]
 [483.46057  ]
 [269.77808  ]
 [ 75.63362  ]
 [  0.       ]
 [  0.       ]
 [  0.       ]
 [  0.       ]
 [  0.       ]
 [  0.       ]
 [  0.       ]
 [  5.429613 ]
 [ 94.218094 ]
 [292.8792   ]
 [ 20.588121 ]
 [  0.       ]
 [  0.       ]
 [641.99457  ]
 [  0.       ]
 [ 79.03575  ]
 [643.355    ]
 [ 78.747574 ]
 [569.0454   ]
 [  0.       ]
 [  0.       ]
 [ 45.90691  ]
 [ 46.298466 ]
 [ 46.696735 ]
 [ 47.08843  ]
 [ 47.486713 ]
 [539.9425   ]
 [599.2261   ]
 [601.03357  ]
 [602.89545  ]
 [604.7577   ]
 [606.5656   ]
 [608.4278   ]
 [610.2895   ]
 [612.0972   ]
 [ 83.18315  ]
 [ 24.332384 ]
 [ 49.637547 ]
 [  8.2532215]
 [231.98701  ]
 [ 37.86034  ]
 [ 16.803026 ]
 [599.59576  ]
 [577.5972   ]
 [578.2909   ]
 [554.5654   ]
 [ 81.00679  ]
 [  8.934557 ]
 [ 26.849993 ]
 [103.64787  ]
 [ 58.66489  ]
 [  0.       ]
 [ 38.955555 ]
 [ 62.883747 ]
 [ 63.236073 ]
 [376.30487  ]
 [ 18.323778 ]
 [235.77473  ]
 [ 75.00136  ]
 [ 75.57982  ]
 [ 44.219456 ]
 [  0.       ]
 [509.4491   ]
 [175.99944  ]
 [  0.       ]
 [  5.8187733]
 [181.45804  ]
 [110.576935 ]
 [111.11128  ]
 [111.63524  ]
 [ 55.10906  ]
 [ 44.596485 ]
 [  0.       ]
 [ 16.485277 ]
 [  6.263994 ]
 [  0.       ]
 [644.5835   ]
 [  0.       ]
 [  0.       ]
 [  0.       ]
 [148.38222  ]
 [  0.       ]
 [ 53.273426 ]
 [ 34.916508 ]
 [354.2444   ]
 [298.4568   ]
 [  0.       ]
 [170.48079  ]
 [ 86.37837  ]
 [  0.       ]
 [144.30196  ]
 [ 17.61519  ]
 [480.34048  ]
 [  0.       ]
 [  0.       ]
 [  0.       ]
 [  0.       ]
 [  0.       ]
 [  0.       ]
 [ 85.23988  ]
 [ 85.23988  ]
 [104.7619   ]
 [105.36592  ]
 [105.95671  ]
 [106.56041  ]
 [107.15141  ]
 [107.755295 ]
 [108.34599  ]
 [108.94957  ]
 [104.70967  ]
 [105.313675 ]
 [ 97.28352  ]
 [ 97.87642  ]
 [ 98.45448  ]
 [520.2412   ]
 [  0.       ]
 [518.4086   ]
 [518.4086   ]
 [434.42664  ]
 [434.49503  ]
 [434.58435  ]
 [434.69348  ]
 [295.6964   ]
 [296.2021   ]
 [296.7148   ]
 [297.22104  ]
 [297.73346  ]
 [298.23923  ]
 [430.34186  ]
 [  0.       ]
 [568.8211   ]
 [286.4923   ]
 [ 55.56377  ]
 [ 52.671864 ]
 [  0.       ]
 [  0.       ]
 [  0.       ]
 [ 14.871813 ]
 [  6.0640736]
 [180.60388  ]
 [  0.       ]
 [375.70868  ]
 [203.40443  ]
 [  0.       ]
 [  0.       ]
 [  0.       ]
 [  0.       ]
 [  0.       ]
 [  0.       ]
 [  0.       ]
 [  0.       ]
 [ 14.909044 ]
 [ 14.970812 ]
 [ 15.032885 ]
 [ 15.093004 ]
 [ 15.156542 ]
 [ 15.2166   ]
 [ 15.278673 ]
 [ 15.344103 ]
 [ 15.4041   ]
 [ 15.466234 ]
 [255.81395  ]
 [265.6022   ]
 [221.39067  ]
 [169.16414  ]
 [  0.       ]
 [  0.       ]
 [  0.       ]
 [  0.       ]
 [  8.231432 ]
 [  8.291094 ]
 [  8.347399 ]
 [  8.407091 ]
 [  8.463549 ]
 [  8.523119 ]
 [  8.579515 ]
 [  8.636095 ]
 [  8.692461 ]
 [  8.752062 ]
 [  8.808519 ]
 [  8.86809  ]
 [  8.924517 ]
 [  8.9841175]
 [  9.040636 ]
 [  9.100115 ]
 [  9.156633 ]
 [  9.213091 ]
 [  9.27257  ]
 [  9.32921  ]
 [  9.38875  ]
 [  9.445147 ]
 [  9.504717 ]
 [  9.561174 ]
 [ 10.820238 ]
 [377.33228  ]
 [207.60246  ]
 [388.4155   ]
 [395.60846  ]
 [395.5624   ]
 [146.28699  ]
 [146.73209  ]
 [152.32962  ]
 [100.69856  ]
 [  0.       ]
 [  0.       ]
 [432.747    ]
 [  0.       ]
 [  0.       ]
 [  0.       ]
 [820.897    ]
 [  0.       ]
 [  0.       ]
 [  0.       ]
 [597.45935  ]
 [580.6865   ]
 [  0.       ]
 [  0.       ]
 [  0.       ]
 [  0.       ]
 [  0.       ]
 [  0.       ]
 [  0.       ]
 [  0.       ]
 [  0.       ]
 [  0.       ]
 [  0.       ]
 [  0.       ]
 [  0.       ]
 [  0.       ]
 [  0.       ]
 [  0.       ]
 [  0.       ]
 [  0.       ]
 [  0.       ]
 [  0.       ]
 [  0.       ]
 [  0.       ]
 [  0.       ]
 [  0.       ]
 [  0.       ]
 [712.66034  ]
 [712.82697  ]
 [712.92487  ]
 [713.0575   ]
 [713.1893   ]
 [713.32184  ]
 [713.5225   ]
 [713.7242   ]
 [713.9589   ]
 [714.05743  ]
 [714.18933  ]
 [714.3216   ]
 [714.45404  ]
 [714.5866   ]
 [714.684    ]
 [714.81665  ]
 [714.9489   ]
 [715.0469   ]
 [715.1794   ]
 [715.31146  ]
 [715.4441   ]
 [715.54175  ]
 [715.67426  ]
 [715.80664  ]
 [715.9381   ]
 [716.071    ]
 [716.169    ]
 [716.30145  ]
 [716.4333   ]
 [716.566    ]
 [  0.       ]
 [260.80933  ]
 [  0.       ]
 [260.98346  ]
 [ 50.690235 ]
 [  0.       ]
 [  0.       ]
 [  0.       ]
 [  0.       ]
 [  0.       ]
 [  0.       ]
 [  0.       ]
 [  0.       ]
 [  0.       ]
 [  0.       ]
 [  0.       ]
 [  0.       ]
 [  0.       ]
 [  0.       ]
 [  0.       ]
 [  0.       ]
 [  0.       ]
 [  0.       ]
 [  0.       ]
 [  0.       ]
 [  0.       ]
 [  0.       ]
 [  0.       ]
 [  0.       ]
 [  0.       ]
 [  0.       ]
 [  0.       ]
 [  0.       ]
 [  0.       ]
 [738.0539   ]
 [  0.       ]
 [739.3295   ]
 [  0.       ]
 [  0.       ]
 [  0.       ]
 [  0.       ]
 [  0.       ]
 [  0.       ]
 [  0.       ]
 [  0.       ]
 [  0.       ]
 [  0.       ]
 [  0.       ]
 [  0.       ]
 [  0.       ]
 [  0.       ]
 [  0.       ]
 [  0.       ]
 [  0.       ]
 [  0.       ]
 [  0.       ]
 [  0.       ]
 [  0.       ]
 [  0.       ]
 [  0.       ]
 [  0.       ]
 [  0.       ]
 [  0.       ]
 [207.57841  ]
 [749.005    ]
 [749.79     ]
 [119.12712  ]
 [124.83211  ]
 [  0.       ]
 [  0.       ]
 [  0.       ]
 [  0.       ]
 [  0.       ]
 [  0.       ]
 [716.96783  ]
 [  0.       ]
 [  0.       ]
 [  0.       ]
 [717.9571   ]
 [  0.       ]
 [  0.       ]
 [  0.       ]
 [  0.       ]
 [  0.       ]
 [  0.       ]
 [  0.       ]
 [  0.       ]
 [  0.       ]
 [  0.       ]
 [  0.       ]
 [  0.       ]
 [  0.       ]
 [  0.       ]
 [  0.       ]
 [  0.       ]
 [  0.       ]
 [  0.       ]
 [  0.       ]
 [  0.       ]
 [640.942    ]
 [641.2714   ]
 [641.53253  ]
 [641.86224  ]
 [786.74677  ]
 [662.28076  ]
 [  0.       ]
 [  0.       ]
 [ 29.511156 ]
 [  0.       ]
 [221.09492  ]
 [760.9897   ]
 [ 27.132036 ]
 [195.12505  ]
 [  0.       ]
 [  0.       ]
 [  0.       ]
 [  0.       ]
 [ 12.374102 ]
 [  0.       ]
 [758.21967  ]
 [758.5762   ]
 [758.9299   ]
 [759.281    ]
 [759.6346   ]
 [759.98846  ]
 [760.3423   ]
 [760.6932   ]
 [761.0447   ]
 [761.39844  ]
 [761.7497   ]
 [762.1036   ]
 [762.4573   ]
 [762.81366  ]
 [763.1648   ]
 [763.51636  ]
 [763.86957  ]
 [764.2262   ]
 [764.5804   ]
 [764.9368   ]
 [765.2903   ]
 [765.6416   ]
 [765.99805  ]
 [766.34924  ]
 [766.70294  ]
 [767.05634  ]
 [767.41003  ]
 [  0.       ]
 [822.40753  ]
 [825.6036   ]
 [841.1606   ]
 [843.8803   ]
 [850.62885  ]
 [869.623    ]
 [878.9665   ]
 [  0.       ]
 [  0.       ]
 [  0.       ]
 [  0.       ]
 [  0.       ]
 [175.24944  ]
 [169.69212  ]
 [169.4214   ]
 [169.10655  ]
 [  0.       ]
 [176.15263  ]
 [175.86732  ]
 [176.23717  ]
 [176.69594  ]
 [  0.       ]
 [179.92708  ]
 [179.76048  ]
 [730.8765   ]
 [790.08026  ]
 [  0.       ]
 [764.52094  ]
 [  0.       ]
 [  0.       ]
 [  0.       ]
 [790.7386   ]
 [791.00287  ]
 [  0.       ]
 [  0.       ]
 [  0.       ]
 [  0.       ]
 [  0.       ]
 [  0.       ]
 [  0.       ]
 [  0.       ]
 [  0.       ]
 [  0.       ]
 [482.97885  ]
 [483.11066  ]
 [483.2431   ]
 [483.37497  ]
 [483.4843   ]
 [483.65237  ]
 [483.7841   ]
 [483.91644  ]
 [484.04825  ]
 [484.18048  ]
 [484.31287  ]
 [484.40826  ]
 [484.54053  ]
 [484.67267  ]
 [484.80496  ]
 [484.87677  ]
 [484.97327  ]
 [485.10495  ]
 [485.23724  ]
 [485.36942  ]
 [485.50104  ]
 [485.6331   ]
 [485.76532  ]
 [476.11087  ]
 [  0.       ]
 [512.8326   ]
 [  0.       ]
 [586.6718   ]
 [586.80396  ]
 [586.9361   ]
 [587.0685   ]
 [587.19977  ]
 [  0.       ]
 [841.6222   ]
 [846.8748   ]
 [  0.       ]
 [  0.       ]
 [  0.       ]
 [671.93646  ]
 [  0.       ]
 [673.05347  ]
 [621.92975  ]
 [806.4462   ]
 [663.1955   ]
 [808.51385  ]
 [673.22125  ]
 [673.6197   ]
 [676.8852   ]
 [677.14667  ]
 [677.47614  ]
 [677.7375   ]
 [678.0671   ]
 [678.3973   ]
 [678.6585   ]
 [  0.       ]
 [566.6421   ]
 [669.24615  ]]"
2022-03-13,2022-03-20,319,0,774,1146,67.5392670157068,27.835951134380455,0.0,70.8142726440988,-102.52308053004252,1379.6441405190133,1271.174555361167,1271.9757080078125,1903443.125,"[[   0.    ]
 [   0.    ]
 [   0.    ]
 ...
 [1775.9764]
 [1897.0226]
 [1891.7023]]"
2022-03-14,2022-03-21,683,0,945,1628,58.04668304668304,41.95331695331696,0.0,58.04668304668304,-1.736588138391987,444.1239112072168,344.9140193105037,344.9140319824219,197246.078125,"[[148.20099]
 [148.50102]
 [148.7845 ]
 ...
 [858.7946 ]
 [199.14291]
 [210.30362]]"
2022-03-15,2022-03-22,734,296,8,1276,0.6269592476489028,57.52351097178683,40.32697547683924,1.7937219730941705,0.07492027664435008,404.74374956613576,178.19419386029992,180.9424591064453,165649.78125,"[[ 72.016304]
 [  0.      ]
 [ 12.521157]
 ...
 [306.64178 ]
 [307.01447 ]
 [ 17.959084]]"
2022-03-16,2022-03-23,689,0,571,1260,45.317460317460316,54.68253968253968,0.0,45.317460317460316,0.020865803586870513,274.6748464690048,149.22096371726386,149.22096252441406,75446.265625,"[[483.2746  ]
 [109.856865]
 [105.89825 ]
 ...
 [219.67023 ]
 [219.88239 ]
 [220.08234 ]]"
2022-03-17,2022-03-24,890,0,527,1417,37.191249117854625,62.80875088214538,0.0,37.191249117854625,0.33197340925784835,219.09176163180285,168.82955744170604,168.8295440673828,48001.20703125,"[[130.67189]
 [171.20894]
 [125.20418]
 ...
 [633.68536]
 [697.0416 ]
 [697.2224 ]]"
2022-03-18,2022-03-25,848,69,358,1426,25.105189340813467,59.46704067321178,8.13679245283019,31.48636763412489,0.0901823611961784,200.629681467827,126.57190583531352,126.82274627685547,40271.41796875,"[[335.2687 ]
 [335.44162]
 [336.012  ]
 ...
 [388.1342 ]
 [387.8334 ]
 [183.06467]]"
2022-03-19,2022-03-26,538,79,232,1424,16.292134831460675,37.78089887640449,14.684014869888475,33.57452966714906,-0.14207673218658567,265.0476253608424,143.8136271332087,144.85769653320312,70301.5859375,"[[114.17595]
 [  0.     ]
 [  0.     ]
 ...
 [483.13647]
 [482.9196 ]
 [487.88513]]"
2022-03-20,2022-03-27,306,1,759,1132,67.04946996466431,27.03180212014134,0.32679738562091504,71.33458646616542,-0.7030846657736107,201.83075611840945,163.1218513262988,163.12185668945312,40735.65234375,"[[327.32745]
 [335.69702]
 [396.55057]
 ...
 [192.44461]
 [177.22256]
 [181.62344]]"
2022-03-21,2022-03-28,710,93,491,1816,27.037444933920707,39.09691629955947,13.098591549295774,44.314079422382676,0.1909381104526935,234.82559365123174,127.74703156580483,136.6775665283203,55807.8828125,"[[ 79.36479 ]
 [ 76.42436 ]
 [ 93.30492 ]
 ...
 [258.2514  ]
 [ 23.095507]
 [  0.      ]]"
2022-03-22,2022-03-29,775,349,19,1502,1.2649800266311584,51.597869507323566,45.03225806451613,4.269662921348314,0.010704846888298092,207.0446566885676,105.60606842439438,164.16969299316406,54050.515625,"[[204.71988]
 [  0.     ]
 [201.76706]
 ...
 [  0.     ]
 [193.87057]
 [270.14676]]"
2022-03-23,2022-03-30,417,0,988,1452,68.04407713498622,28.719008264462808,0.0,70.3202846975089,-0.28162221290583545,292.9707245992436,198.80327106244636,198.8032684326172,85831.8515625,"[[ 92.19658 ]
 [ 92.214035]
 [299.36075 ]
 ...
 [116.014694]
 [116.30791 ]
 [116.60246 ]]"
2022-03-24,2022-03-31,957,354,81,1971,4.10958904109589,48.55403348554033,36.990595611285265,11.842105263157894,0.05611817161636645,189.70518871444523,84.73954984677255,101.74251556396484,38588.02734375,"[[220.49246   ]
 [  0.        ]
 [  0.        ]
 ...
 [  0.26079977]
 [  0.        ]
 [256.44684   ]]"
